GeneID	Sample_1	Sample_2	Sample_3	Sample_4	Sample_5	Sample_6	Sample_7	Sample_8	Sample_9	Sample_10	Sample_11	Sample_12
LOC130060903	4.37	8.2	6.25	2.06	9.19	3.84	4.13	3.72	7.08	3.11	2.69	7.89
LOC130067114	1.89	5.99	4.73	5.08	5.97	4.85	7.55	4.84	5.34	4.86	6.54	2.26
LOC127892092	3.67	7.14	5.66	5.86	4.73	5.45	2.07	6.9	4.35	7.03	3.5	5.01
LOC127830471	6.12	5.6	2.92	0.78	4.05	5.46	5.29	3.49	5.92	1.69	7.36	4.72
LOC129994140	4.48	4.88	5.75	1.93	4.04	5.21	4.23	3.16	3.09	6.35	8.71	5.81
LOC127408978	4.61	3.18	7.35	5.55	3.88	7.49	6.18	4.71	8.39	4.85	3.32	4.19
LOC127882507	4.8	3.99	8.23	6.6	3.03	8.09	6.39	4.78	5.91	2.65	3.4	5.98
LOC105374620	1.65	4.92	2.86	4.31	5.31	8.3	3.49	5	4.48	3.67	6.53	4.97
LOC124900783	6.51	5.51	5.96	7.16	0.1	2.64	4.69	9.17	7.04	3.39	4.79	4.23
LOC105376257	2.4	4.94	4.09	3.9	2.9	3.55	4.61	2.29	5.3	5.4	6.71	8.15
LOC128316665	4.62	4.68	5.94	4.7	6.78	2.73	3.11	3.35	3.94	7.85	6.45	2.05
LOC116186915	4.21	5.33	4.68	7.43	5.27	4.25	5.21	3.52	2.48	5.43	4.97	4.96
LOC130061372	4.61	4.06	4.55	4.85	6	5.55	4.34	7.6	4.93	4.03	3.51	3.29
LOC127402739	7.63	4.04	6.23	5.05	3.94	5.34	3.83	7.25	6.12	4.44	7.26	4.06
LOC129660807	3.95	2.38	6.34	3.38	7.54	4.58	3.17	3.32	5.59	5.84	3.79	7.06
TMEM177	3.59	6.52	5.5	5.12	4.46	4.72	5.1	3.08	2.49	5.15	6.72	7.77
LOC129937770	2.26	5.08	5.84	3.84	6.06	4.25	5.14	4.4	5.75	6.07	6.41	2.79
LOC127275742	3.55	4.85	5.68	1.76	5.02	3.45	3.84	1.41	4	5.23	1.29	6.03
LOC127898215	2.9	3.67	5.5	3.25	5.86	3.68	7.88	5.89	5.02	5.07	1.55	1.1
RNU7-26P	5.73	4.55	5.16	4.57	4.21	3.51	2.91	4.86	7.24	2.92	3.51	0.1
LOC130065463	3.45	3.04	6.65	5.29	7.24	4.09	4.66	1.91	5.6	2.9	7.93	3.27
LOC127897105	5.55	3.11	6.28	6.92	4.07	2.49	3.69	4.57	5.95	3.22	4.06	5.31
LOC129660160	4.74	1.55	6.43	5.07	10.15	7.22	6.54	4.92	3.5	4.91	4.55	2.98
LOC127821310	2.42	6.77	6.99	4.77	4.71	8.51	7.01	6.51	5.4	4.84	4.17	4.64
LOC127276111	3.58	5.23	5.99	6.99	5.23	2.64	0.57	4.9	2.38	8.84	0.24	1.76
IGLP1	6.59	2.99	4.72	9.35	3.88	7.26	3.96	3.72	6.54	7.15	7.38	7.66
EIF4BP9	6.63	7.09	3.04	4.85	6.32	5.2	1.57	3.85	3.63	7.13	6.55	1.68
LOC107985545	8.61	6.12	4.12	7.12	5.34	5.05	8.31	7.43	2.82	6.27	5.44	3.72
LOC129993040	4.99	6.34	3.43	5.88	6.14	5.11	5.25	4.45	3.45	4.45	2.7	4.2
LOC127459886	2.31	4.59	4.46	4.86	6.28	5.82	5.79	5.54	6.17	5.72	7.42	3.27
LOC127889137	3.62	4.24	4.05	1.54	3.62	5.18	5.03	5.73	5.33	4.85	6.16	4.2
LOC129661050	5.74	4.82	4.65	3.26	6.49	3.45	2.2	5.8	1.32	3.35	6.12	3.89
LOC127815700	8.42	5.73	3.16	4	2.86	5.25	2.15	2.3	1.08	5.58	6.45	4.47
LOC130060896	5.2	6.44	3.88	3	5.28	6.57	6.59	6.24	4.29	3.5	5.21	2.03
LOC127399918	7.05	7.86	5.64	2.91	6.64	4.58	5.65	7.14	3.4	9.27	6.19	5.98
LOC130067771	6.38	4.08	5.38	4.26	2.14	2.8	3.69	8.7	5.07	4.46	5.17	2.44
LOC127814715	2.9	3.17	4.27	6.71	4.21	2.03	2.43	2.63	4.01	4.95	6.97	3.95
LOC105370552	4.69	5.18	6.82	3.34	4.27	6.12	6.25	2.94	4.22	2.85	6.13	6.84
ZNF225	7.35	10.44	2.05	5.21	1.29	4.88	3.37	5.79	5.52	2.66	6.2	4.29
LOC129997738	6.58	4.23	5.87	4.63	4.64	3.93	4.46	4.09	6.18	6.2	6.29	4.85
OR2T8	5.83	7.06	7.83	6.43	7.53	5.41	6.42	7.25	4.26	5.94	4.4	4.63
LOC127886107	5.86	4.56	4.27	5.07	2.47	3.75	3.41	2.28	5.83	7.33	6.14	4.67
LOC101928295	4.12	4.14	5.7	4.7	3.02	4.85	2.62	5.67	1.72	3.49	6.91	7.57
LOC128316663	2.63	3.72	4	3.95	4.29	5.51	8.48	5.7	3.67	4.07	5.71	8.49
SMG5	7.33	4.62	4.96	6.61	4.89	1.33	4.06	6.59	5.5	9.21	3.32	3.06
LOC127886082	2.44	7.96	6.47	7.05	5.19	3.23	8.23	6.63	4.32	6.48	4.04	5.62
LOC129937112	3.31	5.54	3.35	5.03	5.34	2.62	4.16	5.2	6.14	5.06	3.84	3.96
IGSF10	6.13	5.88	4	10.89	4.5	2.77	5.77	2.02	2.93	4.2	6.64	4.15
LOC129661027	2.73	6.51	5.96	4.99	9.25	7.79	5.94	5.59	6.42	4.09	5.74	4.26
LOC124907455	4.01	8.73	5.75	10.26	4.19	7.13	2.88	5.68	6.41	3.68	4.12	2.72
LINC01830	2.87	6.4	6.45	4.76	2.6	6.38	3.67	1.67	5.32	6.52	7.08	4.96
LOC127820245	6.12	2.43	7.25	2.17	2.18	4.33	8.36	7.02	4.88	4.67	5.64	5.88
LOC127815160	5.8	3.14	6.39	2.44	4.64	7.13	4.96	5.2	6.6	4.59	5.37	5.93
LOC127823487	5.76	2.14	3.06	3.43	4.03	2.8	6.91	2.99	4.6	2.99	4.88	3.38
LOC127400215	5.8	0.1	5.28	7.66	6.89	1.41	2.05	5.49	5.52	8.31	2.03	6.33
LOC126860324	6	7.32	4.28	8.07	4.66	0.1	6.68	6.72	2.97	5.74	9.97	2.13
LOC127138886	6.15	4.11	4.99	5.72	5.14	5.41	4.45	6.05	3.76	3.75	3.81	2.32
LOC124906399	1.46	5.71	6.65	5.56	2.09	5.07	4.68	4.27	5.69	4.73	4.71	6.76
LOC129996821	4.73	7.13	5.5	4.03	4.57	3.58	4.03	9.25	3.93	3.53	3.79	6.26
LOC129662776	5.2	4.08	5.28	3.78	4.51	5.88	4.87	4.66	4.42	4.25	6.26	3.67
DEFB134	6.3	4.76	4.78	3.71	2.47	5.08	5.35	5.6	6.95	3.53	5.92	4.15
LOC129660839	2.86	5.63	5.71	3.43	3.36	4.46	1.88	5.86	5.31	6.56	4.32	4.73
STAG3L4	4.1	5.41	2.88	4.03	3.43	7.29	3.56	6.7	5.91	6.44	4.46	2.86
LOC129933796	3.07	3.61	4.24	3.88	6.49	7.59	5.81	6.52	6.83	6.6	1.81	3.96
LOC127276128	6.9	6.32	7.91	5.95	6	6.88	4.78	4.97	4.54	4.55	7.44	4.15
LOC129999191	7.3	5.98	6.11	6.39	6.25	6.07	5.19	4.76	4.43	3.99	3.91	3.37
LOC129661115	6.42	4.48	3.27	7.89	7.53	3.2	4.46	3.06	6.87	0.1	4.39	4.01
LOC127268955	2.8	2.8	2.79	0.59	4.42	4.55	7.19	5.75	1.95	6.22	6.11	3.3
LOC126860323	5.81	6.14	3.27	5.89	7.13	4.92	5	6.28	5.68	3.33	3.98	4.21
LOC101929439	7.07	7.57	6.04	4.43	4.52	5.27	4.86	4.24	5.19	8.09	4.11	3.69
LOC129998939	5.3	7.48	5.78	4.52	7.08	7.01	6.24	6.54	7.85	4.58	1.62	6.73
LOC129663995	3.98	6.57	3.98	2.04	2.74	2.44	9.13	5.11	4.68	5.22	4.42	8.09
LOC129995757	3.04	4.13	4.34	4.94	3.91	2.56	5.98	5.94	5.36	6.72	2.55	3.73
LOC127408449	3.8	4.04	6.76	3.6	6.64	4.89	7.09	3.66	2.7	3.8	6.44	7.89
LOC130068350	6.29	3.94	4.45	5.64	7.98	2.35	3.51	6.93	4.38	5.8	4.81	4.69
LOC130004847	4.22	4.26	4.89	3	4.93	7.01	5.13	2.68	3.02	7.13	5.09	2.12
LOC130007419	5.41	6.28	5.63	11.2	4.4	4.7	4.11	8.78	6.07	5.4	8	3.83
RNA5SP141	7.33	5.46	4.67	3.59	6.13	0.15	6.61	4.68	5.15	8.28	0.24	6.06
LOC127886627	6.04	1.66	3.68	4.49	4.78	4.57	5.26	2.47	4.4	4.26	4.51	4.36
LOC127270441	7.46	1.65	4.26	2.79	5.02	5.38	6.16	3.12	5.47	6.52	4.65	6.6
LOC105372582	1.94	4.96	3.05	4.41	5.45	3.61	9.83	1.4	7.45	6.3	6.41	4.71
LOC127398209	4.49	5.27	5.84	8.84	6.96	2.72	3.82	4.63	3.81	5.4	3.25	1.39
LOC127883763	5.12	0.85	7.4	4.3	3.08	5.02	6	5.34	5.94	7.34	4.23	1.97
LOC105373929	6.04	3.53	5.44	6.1	4.21	7.2	3.15	3.84	5.06	4.74	3.89	8.36
MIR4750	2.9	5.05	6.46	3.31	6.08	4.14	3.68	4.7	3.09	4.71	5.56	6.85
LOC127883553	6.45	7.63	3.83	7.77	1.14	7	6.99	2.66	2.11	5.24	4.95	5.48
LOC729654	5.55	1.38	4.75	5.84	7.33	7.52	4.85	6.83	7.27	6.23	5.83	3.46
LOC124905049	5.47	2.74	4.75	3.71	3.83	2.72	5.64	4.7	7.78	3.4	4.01	6.09
LOC105371199	5.92	3.06	2.42	5.41	3.12	6.56	3.71	5.51	7.21	2.75	4.47	2.07
LOC102723883	4.79	5.32	5.16	4.3	5.3	4.81	4.77	8.82	3.23	3.2	4.72	6.84
LOC130056725	6.67	5.6	5.86	5.92	9.02	5.44	3.22	6.76	4.35	4.08	4.57	5.7
LOC123987609	6.17	4.42	6.23	3.54	3.79	8.16	6.07	2.86	8.49	6.56	2.79	3.94
OR5H7P	4.73	2.1	7.37	5.83	2.31	6.76	3.35	7.02	6.36	5.7	8.14	4.29
LOC127269076	6.87	3.87	2.35	7.85	4.76	4.13	4.43	2	6.19	5.13	7.34	3.32
RN7SL222P	5.53	3.99	6.11	7.27	7.11	2.3	4.22	10.16	8.3	6.45	4.75	5.8
LOC129937105	6.2	4.64	6.29	5.55	4.5	5.65	5.28	7.66	2.97	6.94	5.09	3.38
LOC127828871	3.93	7.92	4.62	5.6	6.08	5.95	4.27	2.19	4.14	2.17	3.71	2.55
LOC127409232	7.84	3.78	6.08	5.76	7.08	7.18	2.67	3.49	4.05	4.78	5.56	6.12
LOC127274328	4.99	5.14	2.45	6.62	1.92	7.57	5.5	7.79	4.25	4.62	2.41	4.86
MIR1825	6.53	3.73	5.39	5.69	6.08	5.39	6.37	2.91	3.04	7.33	5.91	5.61
ATP4B	4.82	2.77	0.1	6.09	4.07	5.3	8.01	9.32	5.17	4.29	1.38	2.5
LOC129388675	4.5	6.14	5.56	6.15	4.89	5.79	2.38	7.39	4.63	5.25	3.13	5.79
MSRA-DT	6.41	3.11	7.88	5.41	9.04	6.95	7.57	6.5	3.33	7.05	8.52	6.27
RNU7-52P	2.15	9.92	7.78	6.3	5.45	5.3	3.16	4.19	8.34	7.59	4.86	5.38
LOC130006736	5.86	5.17	0.21	5.1	6.46	4.3	4.66	8.01	5.11	6.4	4.53	2.79
LOC129661369	5.71	5.11	5.96	6.82	3.22	3.1	2.82	5.33	0.68	4.91	4.79	7.05
LOC129936548	0.15	4.88	4.37	4.23	5.77	5.02	7.75	6.95	4.42	5.63	4.06	4.3
LOC105372120	5.66	8.32	4.95	5.35	4.78	4.97	5.25	3.97	0.39	1.23	6.71	6.99
CDC14B	1.1	6.2	1.01	5.06	4.58	5	4.92	6.46	4.56	2.51	4.57	7.86
LOC112679202	6.19	4.55	5.69	3.07	6	4.29	5.79	3.25	5.68	2.01	6.29	5.41
LOC130062758	4.18	2.9	4.05	7.16	2.29	3.94	10.14	4.04	4	6.9	8.28	5.18
LOC124908329	3.75	3.13	5.67	2.91	7.5	6.67	3.82	4.68	4.94	6.43	7.8	7.77
LOC130061593	4.99	3.59	4.66	7.35	9.11	4.74	5.81	7.16	5.6	6.99	4.16	3.51
LOC124901794	7.47	7.19	3.15	3.08	4.21	7.81	5.17	5.33	4.31	6.33	4.92	6.42
LOC105378620	3.86	4.66	5.6	3.23	5.93	3.59	5.31	4.18	7.48	4.65	6.44	5.68
RPL7P19	6	3.64	6.07	6.55	8.7	1.68	7.01	3.12	8.38	5.91	3.57	4.47
LOC124901715	5.61	6.43	5.1	4.85	3.41	4.71	5.37	3.67	6.46	6.17	3.24	2.07
USH1H	2.88	7.42	6.02	1.68	5.08	6.64	4.86	5.57	6.74	7.27	5.58	6.85
LOC124904840	1.87	3.75	4.16	7.71	9.16	4.72	5.57	5.65	9.21	3.61	7.51	6.36
LOC127267114	1.41	4.2	7.31	0.52	3.33	2.16	3.72	4.49	4.76	5.63	4.46	4.68
LOC130065401	5.99	5.62	4.36	3.75	6.72	3.95	8.38	3.79	5.31	2.65	5.29	5.77
ZNF525	4.94	4.99	3.96	2.26	5.85	4.93	8.35	1.27	2.2	1.68	1.99	3.27
LOC105375791	8.33	5.73	6.87	3.98	4.35	7.35	3.57	5.68	4.89	2.27	6.89	5.53
LPAR4	6.03	8.09	7.01	5.16	5.65	7.02	1.6	4.33	4.03	1.54	3.97	4.3
LOC121048712	6.53	4.89	6.23	4.4	4.4	6.46	8.51	4.92	4.75	3.42	5.8	5.02
LOC108644431	7.4	4.49	5.4	3.96	6.37	5.85	5.89	4.75	5.23	2.72	3.25	4.92
FEB10	4.1	5.87	7.87	4.71	4.08	3.54	2.47	1.32	4.76	8.28	3.86	3.44
LOC124418417	5.92	4.91	3.18	5.48	1.84	6.46	3.54	4.84	4.49	6.39	8.98	5.63
GPC6	6.56	6.13	7.05	3.46	6.46	7.19	3.15	8.25	0.53	4.56	8.51	4.17
LOC126863028	7.46	4.6	8.09	1.27	7.04	6.34	5.24	8.33	7.19	4.28	3.6	6.54
LOC127275832	6.37	5.8	5.1	3.33	5.2	7.12	4.5	2.3	6.13	7.65	6.36	8.56
MIR485	5.76	2.19	6.05	1.57	3.51	5.55	7.47	5.05	1.76	5.47	3.59	4.62
LOC123956167	3.44	5.03	6.1	6.14	4.13	6.83	8.35	1.26	5.06	3.61	4.27	4.42
LOC124900218	6.31	4.07	7.15	8.37	2.63	7.53	6.64	3.93	7.58	4.77	6.58	4.45
MIR663A	5.9	2.86	3.45	2.94	2.5	3.26	4.96	8.13	8.2	5.08	4.75	6.28
LOC130063984	6.14	4.26	6.61	3.41	7.04	7.73	7.01	6.5	9.44	4.8	7.75	4.53
LOC126860913	5.76	5.67	1.92	3.42	1.29	6.38	3.65	4.38	4	9	6.99	5.53
TMEM256	4.64	5.17	8.74	6.42	6.01	6.27	3.83	4.29	6.71	6.75	2.32	3.18
LOC127823334	4.86	6.25	3.97	5.06	4.31	5.13	5.04	4.85	7.55	6.06	3.59	5.92
LOC124902346	6.24	6.69	4.43	5.88	2.61	3.28	4.67	2.87	3.62	4.07	3.34	4.81
LOC129933068	5.31	6.49	5.47	6.39	4.58	2.75	3.6	5.18	6.05	7.79	6.43	3.26
LOC127401247	3.51	4.42	2.75	5.45	4.66	5.54	5.67	3.49	5.55	6.48	3.75	3.8
LOC123744823	4.48	2.61	4.53	5.81	7.16	4.74	3.88	2.56	7.3	1.99	3.24	5.96
LOC124174318	2.63	4.5	5.11	2.91	9.32	6.92	7.04	3.52	5.46	3.77	4.5	2.93
RNU2-57P	3.26	7.11	4.39	4.89	8.28	4.97	4.37	6.88	4.56	7.91	3.5	3.06
LOC127822361	4.74	4.78	8.65	3.89	7.93	4.33	4.35	3.1	5.87	1.64	3.62	5.97
LOC127883441	1.76	2.05	1.78	2.65	7.91	7.72	4.88	3.28	3.08	4.21	7.17	4.21
LOC130060731	1.96	5.88	4.81	2.9	6.67	4.52	7.45	0.82	6.19	5.24	3.15	1.65
DTNBP1	6.98	5.51	7.12	6.69	4.18	3.79	6.1	5.98	4.35	2.96	1.95	6.63
LOC127895734	3.96	4.28	3.49	2.66	5.31	6.21	5.66	5.16	5.82	7.27	7.15	4.23
LOC127898101	1.67	5.31	4.75	4.27	2.24	7.71	6.85	4.3	5.41	4.02	7.77	3.19
LOC130001984	4.8	7.46	8.5	6.77	3.6	3.24	3.05	6.63	5.51	4.28	7.36	7.78
GLYATL1P2	7.38	7.34	1.64	5.59	3.43	4.51	7.06	5.04	3.7	2.12	4.1	1.41
LOC124906850	6.19	4.18	3.55	6.17	3.04	4.38	5.02	6.04	4.8	5.04	7.13	3.26
LOC127816537	5.79	5.02	2.84	5.6	7.54	5.06	2.4	4.24	4.22	3.94	4.49	6.16
LOC127404065	7.13	2.38	6.13	4.73	5.9	5.6	3.94	3.86	6.08	4.2	5.56	0.92
FOXD1	3.61	3.69	3.44	1.04	5.48	6.31	4.34	6.99	8.63	4.61	3.09	6.81
LOC130006436	6.31	8.61	5.84	3.9	4.98	6.88	7.74	6.5	6.01	7.03	6.36	4.77
LSMEM1	3.94	7.7	3.84	2.52	6.77	3.69	1.4	6.64	2.81	3.8	2.36	4.4
MIR5739	5	4.59	4.73	4.32	6.59	4.97	4.38	5.75	2.89	3.85	2.89	4.89
LOC111875826	8.99	3.75	6.54	8.7	3.37	6.42	3.26	4.78	5.05	5.14	2.44	2.64
LOC130001155	6.74	2.54	5.25	5.25	1.39	3.93	5.49	3.44	6.8	5.6	7.27	3.82
LOC127888875	6.38	8.83	1.51	3.71	2.88	5.82	5.03	8.56	7.55	1.71	1.83	2.88
LOC127458799	3.01	5.21	4.04	6.6	4.11	8.14	6.9	5.28	3.01	2.54	5.89	4.79
LOC127403348	3.58	3.93	6.28	5.88	4.99	2.58	6.78	4.38	5.19	5.08	6.67	4.07
LOC126806925	9.11	6.94	8.35	4.86	7.71	6.3	6.28	8.19	5.23	6.57	7.6	4.77
LOC130002480	3.03	3.02	2.99	4.59	6.14	4.87	8.23	8.04	4.8	5.38	8.56	4.85
LOC126807211	5.39	6.31	4.59	4.74	6.23	3.2	3.05	3.8	2.77	3.9	2.47	3.42
LOC105376267	6.61	7.59	4.85	4.87	6.46	5.47	4.11	5	6.13	4.62	6.85	0.14
LOC126806002	6.83	4.62	3.68	6.12	4.77	4.91	6.74	4.49	1.56	6.75	2.47	6.38
LOC127816046	6.96	7.61	2.51	5.23	3.07	3.16	3.95	6.72	6.24	6.37	4.9	9.33
LOC127274491	4.71	6.15	8.31	3.87	3.38	5.04	2.75	4.44	2.16	2.92	6.72	5.83
CAP1	3.52	3.78	7.66	6.5	2.56	6.05	5.63	5.49	4.39	6.78	4	5.02
LOC126807196	4.45	6.03	2.47	3.74	2.67	4.64	6.47	5.07	4.74	3.81	5.23	7.81
LOC129664373	3.38	3.73	1.61	7.36	2.27	8.24	4.07	4.99	3.79	6.04	8.27	5.74
LOC127825076	6.13	4.04	4.5	3.24	6.55	7.81	0.15	3.24	3.98	4.75	5.29	2.86
LOC130063117	7.02	6.39	5.77	6.35	2.81	3.65	3.03	5.26	5.85	4.7	3.7	6.29
LOC129993348	8.83	4.14	4.77	7.26	6.11	7.48	2.74	5.82	7.34	6.04	6.05	6.05
ACADSB	5.66	4.96	7.03	7.2	9.22	7.27	3.85	5.07	5.07	9.47	3.54	2.75
LOC127818124	3.43	6.83	4.56	4.8	4.64	3.83	4.3	4.33	3.93	4.94	4.7	1.62
LOC127825307	6.84	2.83	2.9	6.25	4.67	7.82	6.79	6.02	3.8	3.54	6.51	5.02
LOC127816996	6.63	7.87	7.74	1.15	6.51	8	2.44	5.22	6.29	6.87	3.5	3.73
IP6K1	4.57	8.68	4.58	5.8	4.97	6.13	3.9	6.5	4.17	4.45	7.55	5.68
LOC127816369	2.2	6.11	4.49	4.8	3.63	6.61	3.67	3.16	2.21	4.92	6.92	5.12
RAC2	6.37	5.76	4.53	6.08	2.44	3.18	7.57	8.5	5.08	3.32	4.78	8.13
LOC105375548	7.03	4.11	5.1	5.2	5.17	8.36	2.32	3.12	6.64	5.78	6.34	7.93
LOC127888633	4.47	5.88	0.83	7.33	4.23	3.93	2.22	4.12	5.83	2.42	7.39	6
LOC130060813	5.97	4.1	6.23	4.69	5.71	4.35	6.87	6.35	8.08	2.87	2.5	3.8
LOC127275583	4.5	5.52	6.3	6.32	5.51	5.92	5.06	5.7	9.44	5.84	6.13	2.41
LOC129389581	6.23	3.76	6.13	4.81	7.34	5.19	3.95	2.32	6.12	7.47	2.53	4.04
LOC129997242	4.79	6.42	4.26	6.18	6.08	8.03	3.7	3.86	4.68	6.6	4.22	2.81
LOC127273933	4.38	6.24	5.18	2.78	7.05	3.68	0.35	6.31	7.29	6.36	7.7	6.52
LOC127825383	5.2	7.24	2.42	6.09	5.13	4.03	5.49	8.87	6.34	2.19	6.25	3.82
LOC127891555	4.49	8.57	5.65	4.3	6.47	5.47	4.74	8.08	8.82	5.82	8.2	5.48
LINC02968	3.94	3.84	3.53	5.71	4.55	6.01	6.99	8.52	5.62	3.7	6.11	6.11
LOC127890775	4.43	6.74	7.37	3.42	4.72	10.27	4.14	7.05	4.7	5.12	6.71	6.94
HEPACAM	4.99	2.43	3.33	5.97	5.13	2.66	6.82	5.87	6.52	7.41	0.46	6.82
LOC127825476	5.37	4.18	1.29	10.38	3	7.01	5.45	4.5	5.4	2.23	2.5	4.77
LOC105980006	7.76	6.7	5.31	7.77	2.83	6.6	6.33	6.21	5.73	6.59	5.5	5.27
LOC127826315	2.56	3.67	2.06	6.76	4.48	6.98	1.77	3.9	7.42	1.72	0.99	4.11
LOC127269538	4.64	5.62	3.33	3.89	2.48	2.72	6.79	1.39	2.71	2.52	4.39	5.19
LOC127895118	6.14	3.38	6.45	5.58	5.17	5.66	6.41	7.18	3.93	5.4	3.88	2.07
LOC127269689	8.17	4.33	8.37	4.71	6.44	4.11	7.36	4.07	3.71	7.94	5.83	2.38
LOC130065236	5.77	4.93	4.53	1.43	3.41	1.84	4.9	6.31	3.35	3.99	5.05	5.89
LOC126861707	4.98	3.9	6.75	4.57	5.09	3.38	3.05	1.89	5.1	3.37	6.7	5.11
LOC127406166	4.45	1.5	2.52	4.43	2.23	3.12	4.74	0.1	4.14	4.96	3.81	5.35
LOC124902241	5.75	5.44	8.11	4.84	6.68	7.95	6.36	4.8	6.23	6.79	5.16	2.91
LOC132089790	6.78	5.85	4.99	4.04	4.36	3.73	6.59	2.4	7.32	6.54	2.74	5.52
LOC127829992	4.67	5.25	3.6	6.17	7.75	6.62	7.39	4.34	3.77	4.84	6.15	9.28
LOC127882919	5.29	4.12	5.72	8.45	5.08	6.09	4.88	5.61	5.74	6.81	2.82	7.36
LOC105376318	5.39	6.62	3.54	7.08	8.35	3.57	7.84	4.03	5.57	5.33	6.31	4.04
LOC127890303	6.31	6.94	5.09	6.19	5.6	5.97	3.58	5.05	3.32	4.86	9.8	3.32
LOC127403546	7	0.73	5.18	5.1	4.66	6	0.18	3.7	5.46	5.08	4.93	7.68
LOC107985634	5.5	7.02	7.1	5.14	6.82	2.93	5.41	3.02	3.59	7.05	6.04	5.41
LOC129934713	4.86	1.8	3.98	7.08	5.95	6.31	4.94	4.57	3.09	3.56	7.15	4.01
LOC105371725	7.51	4.38	4.32	7.31	4	4.99	2.65	6.82	1.7	3.17	5.89	1.99
LOC127456831	5.3	3	5.22	3.93	6.26	4.57	5.25	3.02	8.08	4.44	7.34	4.16
LOC127893092	7.84	3.87	6.62	6.71	6.14	3.41	2.78	6.58	4.77	4.8	3.28	3.08
LOC127896996	4.89	7.37	8.41	2.87	5.67	4.69	3.5	4.02	4.4	6.03	1.69	2.11
LOC130066966	6.11	5.96	7.85	2.85	4.36	3.05	7.52	2.61	7.58	5.72	5.99	6.18
RAET1G	2.22	5.89	6.73	7.87	4.91	4.96	0.1	6.14	8.84	8.2	4.76	6.34
LOC130061763	4.8	1.26	1.57	5.07	6.58	4.76	5.58	6.31	3.7	4.48	4.21	5.94
LOC130063162	4.96	5.35	6.71	5.06	7.02	4.56	4.18	7.1	2.81	8.43	5.32	5.42
LOC439933	3.63	6.13	6.36	6.76	5.54	7	3.88	6.07	4.86	7.53	3.08	3.41
LOC127895444	3.14	6.55	3.74	4.65	3.55	3.89	5.24	4.92	2.39	6.51	2.95	5.73
LOC127888640	6.71	3.25	3.98	3.48	6.36	4.76	4.13	7.74	3.88	5.56	6.98	6.39
LOC127823194	6.65	6.69	2.54	5.25	5.27	6.55	4.04	4.21	4.82	5.37	7.05	5.36
LOC124904097	2.66	2.49	4.98	1.92	7.05	7.38	2.5	4.85	4.06	1.66	4.63	8.83
LOC127828700	5.76	8.13	5.16	4.15	2.12	4.81	7.88	4.41	8.03	2.28	7.29	3.76
LOC127276267	3	3.56	1.84	4.72	3.66	5.12	6.63	6.34	5.42	3.58	6.25	6.17
LOC110121338	3.11	6.38	2.15	2.4	5.96	6.98	2.72	4.32	5.22	5.15	5.46	1.86
LOC129930556	5.95	5.57	5.31	5.33	2.56	5.58	4.44	6.17	8.01	7.27	1.81	9.85
LOC130064612	3.77	3.09	3.15	3.68	9.95	5.6	6.19	2.42	7.72	3.28	7.05	3.54
LOC130057058	6.79	7.06	4.46	7.01	3.47	4.53	3.99	3.6	4.43	5.55	7.97	2.71
AHNAK	5.07	5.06	6.81	4.49	5.8	5.18	5.08	5.53	5.02	1.1	5.36	3.31
LOC130058526	5.97	6.47	4.23	3.04	1.89	5.01	5.21	5.35	3.27	9.42	4.82	5.44
LOC127824314	4.06	5.39	5.23	5.43	8.97	6.04	7.94	3.74	3.76	4.65	5.25	3.14
LOC129935846	2.93	6.56	6.11	4.9	6.31	4.74	3.59	7.5	2.4	1.59	5.18	4.04
LOC127894707	6.65	5.04	2.98	5.07	4.07	4.45	6.38	6.47	6.18	6.88	2.49	5.43
LOC130004491	5.43	7.01	7.24	5.39	5.47	4.87	3.93	5.16	4.59	7.22	3.57	4.56
LOC121132676	4.57	4.37	6.65	4.29	3.72	4.17	4.5	5.53	6.01	6.39	7.19	5.11
LOC130001382	5.12	5.95	7.29	4.41	1.9	7.79	4.91	4.52	4.62	6.68	4.85	3.33
LOC124904911	7.39	5.68	4.23	6.17	3.04	3.09	5.56	7.19	2.37	4.61	4.46	4.04
LOC129933576	3.74	6.52	2.36	7.93	3.36	7.18	5.19	5.67	3.09	7.38	6.2	4.12
LOC130062091	3.65	3.88	5.92	1.53	7.05	4.98	4.13	1.4	6.34	4.58	7.24	7.94
LOC127818638	3.88	5.32	6.11	4.76	5.84	1.36	4.98	5.06	3.62	1.58	3.52	4.38
LOC127894023	2.15	3.96	9.57	6.76	4.33	4.02	5.46	4.91	2.44	8.42	5.11	3.83
LOC128900004	6.48	6.64	8.1	2.88	4.54	7.08	5.75	3.17	2.08	7.15	3.92	6.24
LOC126859647	5.35	3.85	4.16	7.1	6.93	2.67	2.59	4.34	3.93	6.32	5.49	6.51
LOC129929148	5.37	8.12	3.19	4.32	3.19	5.24	4.6	8.09	5.62	2.71	7.71	5.06
LOC127457130	4.92	6.42	6.12	6.27	6.08	2.79	8.24	9.56	4.38	6.66	7.22	6.73
RPL9P19	4.08	4.98	8.59	7.65	3.32	5.15	3.98	6.96	4.04	4.76	5.46	3.72
LOC130056083	3.52	7.17	2.87	6.62	6.29	6.84	5.09	4.2	4.88	7.11	4.79	7.44
LOC130067346	6.53	4.85	3.6	7.19	7.26	4.63	6.79	6.79	5.14	8.53	4	3.53
LINC02525	2.43	6.01	8.15	1.03	4.21	6.72	2.8	6.26	6.69	4.09	1.46	6.38
LOC127268170	5.79	5.95	8.31	2.71	5.82	6.31	2.63	8.16	5.12	5.95	3.13	3.72
ATP11B	3.57	5.76	5.35	6.05	1.03	7.18	7.11	3.83	4.77	7.46	5.35	7.36
LOC127456850	5.51	3.93	2.08	3.36	5.58	7.4	6.13	6.6	4.33	6.99	2.4	4.96
LOC127274883	3.67	2.75	4.02	4.01	5.57	6.8	3.01	9.71	3.19	5.09	5.82	3.11
LOC127268589	4.06	1.97	7.1	7.49	5.77	5.7	7.66	1.22	4.77	3.98	5.88	4.21
LOC111875816	8.18	4.18	8.88	5.21	7.19	5.11	6.81	6.58	2.56	6.13	3.58	5.5
LOC129935273	6.2	6.23	4.97	5.08	3.28	5.25	8.15	7.38	7.64	6.23	5.43	5.05
LOC127399528	1.14	4.57	3.86	4.56	7.52	5.65	2.82	5.88	5.37	3.51	6.11	1.98
LOC129998349	5.23	2.83	5.55	2.12	3.27	3.38	6.88	6.03	1.54	2.17	2.93	7.35
LOC105378617	4.19	8.88	5.26	1.61	2.06	3.93	5.18	3.64	2.71	6.01	1.5	4.82
SGCEP1	2.95	6.26	3.36	4.61	8.97	4.1	1.56	3.68	6.26	4.96	6.23	1.87
SCAF11	5.38	8.5	6.07	5.64	6.47	4.06	3.48	3.15	0.89	3.65	7.17	6.15
LOC127818982	5.23	7.18	7.5	2.63	6.37	4.49	6.33	1.91	6.23	5.01	8.65	4.14
LOC127821504	4.41	3.9	5.02	1.75	6.14	4.9	6.38	5.78	5.54	6.81	5.82	6.21
TMEM26-AS1	8.55	4.26	6.13	7.3	4.62	3.57	2.35	5.2	3.71	5.51	2.26	6.17
E2F2	0.95	2.41	5.45	5.91	6.82	0.98	5.02	4.95	3.96	4.64	3.03	1.92
LOC130066581	6.51	6.33	5.83	5.87	7.58	8.63	1.64	5.28	2.66	3.73	4.16	6.08
LOC121587602	4.48	7.92	4.62	6.65	2.19	3.53	6.59	4.26	2.87	5.09	6.47	4.03
LOC129931299	6.18	3.34	7.16	6	2.94	6.84	5.89	8.19	4.32	4.56	5.58	4.28
LOC128316747	4.18	2.84	5.42	3.1	3.7	3.89	8.14	5.64	2.36	5.06	4.67	5.02
LOC129998814	3.93	6.59	4.09	7.25	5.95	5.9	4.53	4.96	4.47	6.47	3.32	5.43
PTGER4P2	1.92	2.27	6.13	2.7	0.78	4.75	5.9	3.09	3.99	6.86	6.31	4.8
LOC122819159	4.62	8.46	6.72	4.14	4.72	6.08	3.76	3.23	5.28	2.47	6.59	6.33
REL	9.46	6.03	4.87	5.6	2.39	1.67	3.23	3.65	5.91	5.98	6.76	2.53
RPL34P21	6.78	1.91	0.18	5.51	4.38	5.43	6.77	5.85	5.47	4.32	2.57	4.01
LOC127830204	8.02	5.64	7.95	6.06	2.11	4.73	6.66	6.65	6.11	6.1	6.59	5.48
LOC126861629	6.65	5.19	3.65	6.58	7.11	7.5	5.6	3.98	5.29	1.12	2.72	5.09
LOC126805810	7.06	0.56	4.37	3.54	4.5	4.4	5.82	3.49	3.85	9.62	5.76	7.6
LOC127398431	6.63	4.92	7.91	2.68	4.65	4.3	5.57	3.69	4.58	4.93	7.11	5.05
LOC127814737	5.86	3.94	1.58	2.9	7.69	1.69	5.74	3.05	7.45	4.62	3.82	7.12
LOC130062529	3.95	3.4	3.01	6.03	3.44	5.3	5.34	5.2	7.87	5.49	6.62	1.99
UCN2	4.04	5.43	3.65	4.17	2.22	6.11	2.63	7.2	5.82	3.39	4.27	4.9
PHKA1P1	2.12	6.53	2.64	5.74	3.89	4.58	1.4	0.31	3.12	5.05	5.56	5.13
LINC02272	4.99	8.11	6.99	7.13	3.83	3.95	2.63	4.86	5.59	5.78	9.06	3.1
LOC130007102	6.62	0.26	7.28	3.79	5.63	5.65	7.24	7.36	7.19	4.4	4.86	7.84
GXYLT1P4	6.86	6.34	5.9	6.66	4.43	2.85	2.98	3.58	3.02	6.66	3.62	3.89
LOC129999771	5.17	3.29	4.21	3.84	2.46	5.57	6.08	4.81	7.01	4.16	4.26	5.92
RPL23AP54	4.01	7.08	4.24	6.11	4.67	6.82	6.44	6.43	2.23	6.05	4.27	6.82
LOC646870	10.92	5.62	3.98	5.06	6.07	4.7	5.33	5.66	4.63	4.52	6.38	8.38
FAM216B	6.33	7.6	4.06	3.47	2.58	4.3	5.58	5.59	7.41	1.79	2.86	5.9
LOC127268528	7.56	2.33	5.87	6.71	6.8	4.37	6.17	0.88	5.06	5.56	3.87	4.24
LOC129934579	4.39	5.89	6.64	6.3	6.27	5.87	7.85	4.26	6.23	5.21	6.46	0.47
LOC129995530	4.93	5.53	4.18	3.44	7.7	2.71	5	4.66	4.79	6.35	5.23	5.13
LOC105371824	5.81	6.89	5.57	5.07	4.41	3.48	4.44	6.91	3.58	7.91	9.45	4.33
LOC130009770	8.02	4.58	0.71	9.54	5.76	2.31	3.88	5.57	7.37	5.06	5.44	6.54
LOC130067187	4.44	7.06	5.14	3.65	3.43	4.52	6.69	6.36	5.63	7.22	3.78	7.72
LOC126653314	6.54	4.2	3.42	4.7	4.54	4.93	5.18	6.54	4.12	5.07	3.25	2.08
LOC125146437	1.23	4.23	6.98	7.53	3.1	5.15	6.96	2.39	2.73	4.08	7.27	5.25
TAS2R22P	4.09	5.05	7.13	3	6.94	4.7	2.57	5.98	5.56	4.14	3.59	3.25
LOC127894082	2.67	3.08	1.05	9.28	2.39	1.71	4.18	5.91	4.29	6.75	5.27	6.98
LOC127820040	7	4.18	6.66	3.8	6.11	2.7	4.55	2.68	6.3	5.07	3.85	5.01
LOC127822541	4.7	7	3.98	4.06	3.77	4.47	5.91	1.24	6.8	6.38	7.13	5.88
LOC127819176	4.3	7.97	4.7	4.93	3.11	5.5	6.18	5.44	8.33	5.2	6.24	4.39
TEKT4P3	7.46	7.01	6.62	6.93	7.63	5.34	4.61	5.82	5.01	3.3	5.18	7.58
LOC127814988	7.01	4.24	6.24	10.82	5.19	3.11	5.41	3.75	5.29	5.22	7.65	2.5
LOC127895484	3.38	5.57	3.53	5.87	5.6	6.84	2.92	6.84	4.29	3.36	2.2	7
LOC127820196	5.77	5.18	5.58	6.12	5.35	5.08	8.66	2.54	3.72	1.36	4.76	8.76
LOC127268761	2.79	2.73	4.16	2.53	6.17	4.37	4.53	8.49	0.75	3.39	2.63	6.39
LOC127889698	4.14	5.46	7.25	5.25	7.65	5.48	4.82	6.11	2.83	2.35	5.42	4.67
LOC125316792	7.91	3.52	2.17	0.75	5.11	6.54	4.36	7.68	6.15	2.84	6.57	4.32
LOC105378302	7.61	3.09	6.48	4.54	7.2	6.08	3.21	6.47	7.96	3.69	5.65	4.71
LOC129992792	7	6.31	7.5	7.63	0.77	4.29	6.56	5.62	2.5	6.43	3.46	5.14
LOC127896993	3.97	3.73	0.3	4.64	6.13	2.87	1.73	5.71	6.34	4.25	4.4	5.68
MIR12128	1.61	4.74	6.17	4.9	5.76	6.55	4.43	7.31	4.22	4.16	4	7.85
IFNA8	2.88	3.25	4.35	5.07	5.33	3.12	5.22	7.01	6.42	2.99	4.2	5.74
LOC129994927	6.71	5.1	5.2	4.78	5.23	3.76	2.36	5.45	8.14	4.73	4.63	5.53
ZNF831	4.48	5.89	4.51	5.18	4.18	7.06	6.92	8.69	3.27	6.72	6.31	5.79
EDEM1	1.11	5.9	6.25	2.28	3.88	4.05	4.13	3.1	1.25	6.4	3.16	7.24
LOC126807489	4.68	3.06	6.67	4.13	6.97	4.54	6.19	2.65	4.46	6.36	4.18	7.05
LOC127406002	7.54	7.26	6.07	4.39	4.66	5.85	1.73	9.43	6.24	5.82	7.56	3.98
LOC127816061	6.16	7.69	4.81	6.03	7.13	7.4	4.5	3.57	6.71	2.86	6.46	5.21
LOC130009645	3.52	5.67	4.24	5.37	4.3	3.23	5.12	7.86	5.88	5.48	6.49	4.5
MYRIP	2.22	5.28	4.75	3.63	3.18	6.34	2.57	6.48	4.76	3.9	7.37	3.61
LOC132090659	3.51	5.14	4.59	6.53	7.6	4.95	6.66	4.23	10.52	4.67	5.5	4.18
LCTL	5.06	5.46	5.37	7.21	4.82	7.56	5.49	5.03	6.73	7.1	6.68	5.11
LOC126862884	6.6	5.68	3.52	2.7	7.19	6.73	4.83	4.28	4.31	5.14	4.04	1.83
LOC130058828	1.51	5.25	6.05	5.33	2.78	4.92	5.32	5.18	5.32	5.71	2.95	5.2
RNU6-1251P	6.84	6.18	3.2	3.65	5.64	3.64	4.9	4.11	6.45	5.82	3.29	1.86
LOC130061532	5.01	4.4	2.33	3.91	4.43	2.66	6.21	3.07	5.82	5.96	3.59	4.99
LINC00352	6.03	7.03	5.46	5.76	8.52	3.18	5.33	6.24	4.96	3.07	2.17	3.71
LOC127893791	2.02	4.93	5.75	6.52	7.35	4.2	7.77	4.47	5.34	5.69	6.87	3.88
LOC130001980	3.8	1.84	6.85	5.68	6.01	2.83	4.25	4.66	5.86	6.51	3.76	3.62
LOC100421842	4.19	4.82	6.31	4.04	4.09	4.74	6.57	4.37	3.94	3.25	1.82	3.45
LOC127272497	6.88	5.8	5.4	7.03	6.77	4.04	5.25	5.62	4.54	4.07	3.05	6.72
LOC127891853	6.85	7.21	6.24	6.86	6.3	8.56	8.89	3.24	6.43	1.3	2.9	4.17
LOC130065382	5.78	5.11	3.24	3.22	2.4	6.98	5.05	5.6	4.24	5.5	1.56	5.09
LOC105373714	7.89	1.51	2.95	5.56	7.14	5.91	5.23	4.07	6.14	4.77	5.77	6.78
LOC130060682	4.07	5.01	2.81	2.91	6.54	3.99	4.37	4.59	2.99	2.97	5.42	5.3
LOC126861652	6.82	2.84	5.08	7.64	4.66	8.63	1.24	4.11	6.64	4.17	1.8	5.17
LOC126806762	4.94	3.24	6.19	5.49	9.16	4.5	1.45	5.11	7.28	2.43	7.9	3.1
LOC130066467	3.8	3.15	6.63	6.92	6.72	4.93	4.76	5.79	4.18	6.6	3.77	6.38
LOC124902741	6.66	3.56	7.67	5.7	4.07	1.53	5.17	3.45	2.15	3.62	4.11	7.47
MIR577	7.49	7.05	5.59	4.81	6.68	6.97	3.76	3.97	5.55	5.95	4.15	5.91
LOC126806967	6.58	3.5	4.77	6.35	5.74	4.9	6.11	4.77	5.44	4.52	0.37	4.28
LOC127273966	4.08	4.21	3.81	3.01	4.69	3.17	7.45	2.12	2.2	5.79	5.57	6.27
LOC129930528	4.15	5.33	5.46	2.42	0.1	4.99	8.08	4.78	6.08	3.84	4.64	0.42
LOC128772391	7.48	6.6	4.88	3.86	4.22	6.94	1.08	7.97	1.34	6.61	4.4	3.83
LOC127891987	5.64	3.8	4.41	5.47	5.04	5.15	6.46	4.35	3.62	4.84	6.26	5.14
LOC127886643	6.49	3.51	3.78	4.26	6.3	5.55	6.7	4.93	7.97	5.83	5.57	8.73
LOC127893123	4.39	4.07	3.19	4.16	5.63	6.91	6.25	3.02	6.41	5.85	3.84	2.92
LOC129992128	7.27	2.89	3.23	6.66	5.41	3.35	7.03	4.4	5.19	6.34	4.43	3.69
LOC129993680	3.54	6.66	7.64	4.1	7.72	4.55	4.73	5.93	0.1	5.13	2.13	4.09
LOC127898294	6.13	1.07	5.45	6.75	4.9	6.24	4.48	6.41	5.15	5.77	10.12	4.1
OSBPL2	3.53	4.05	4.23	3.61	3.1	2.49	6.83	5.29	3.08	4	3.09	5.4
SLEB12	0.57	2.41	2.16	4.54	4.09	7.16	3.78	4.58	5.07	1.09	3.72	5.74
LOC127269199	2.58	1.48	5.35	3.51	4.67	3.06	6.61	2.88	5.23	6.69	7.95	4.07
LINC01320	5.25	5.05	4.1	4.23	3.97	5.48	3.56	4.98	5.82	5.13	5.61	5.18
LOC127821580	6.59	7.77	4.85	2.91	1.64	5.32	3.94	5.56	4.45	3.54	2.6	5.21
LOC128772219	1.85	7.94	4.63	5.8	6.07	3.93	3.74	4.32	4.73	3.35	5.89	3.24
LOC127399806	2.75	3.99	6.4	7.13	6.42	5.39	6.59	6.7	4.12	4.89	3.86	2.42
ARMT1	8.18	3.75	4.88	5.51	3.67	4.65	4.89	5.41	5.23	1.61	4.56	5.4
NBPF13P	4.22	4.03	4.68	8.08	5.79	6.61	5.97	3.28	3.83	7.28	6.63	4.8
LOC130063615	5.91	6.28	9.27	2.05	4.43	2.58	9.28	4.34	6.09	4.58	3.18	4.77
LOC127397055	4.05	0.39	6.96	3.65	4.47	7.34	3.21	3.86	3.28	5.15	3.4	7.89
LOC101060445	4.46	5.45	5.23	5.94	6.09	4.54	7.39	2.72	2.64	5.77	5.1	6.84
LOC127827907	5.16	4.27	3.68	6.14	5.75	3.66	6.12	2.96	4.84	2.02	2.67	5.88
LOC127402745	5.02	3.66	7.12	5.59	3.95	3.09	5.03	4.37	4.18	7.94	4.95	2.47
AIMP1P1	4.65	1.39	3.32	8.14	3.68	6.94	2.87	3.66	5.81	8.1	2.2	3.28
LOC127400287	4.15	4.63	4.91	8.02	5.98	2.23	10.12	5.27	2.25	2.17	3.61	7.62
ZNF710	0.1	2.03	6.53	2.37	3.2	5.25	2.01	1.56	5.47	2.72	8.52	7.27
LOC127404659	8.36	4.97	4.26	4.25	3.73	3.93	3.62	2.54	6.76	5.56	6.02	2.28
LOC127822659	8.22	3.39	4.34	2.42	7.49	3.62	7.03	7.47	3.39	6.32	4.73	6.49
LOC130006254	3.02	5.08	5.79	3.14	5.29	4.71	2.2	4.36	6.4	0.25	2.91	3.55
LOC130061193	4.7	5.83	5.25	5.45	4.2	5.11	5.79	5.46	6.49	9.59	6.43	7.75
LOC127272432	7.48	4.09	4.55	5.63	2.88	4.34	2.18	6.44	6.06	3.29	3.08	4.73
LOC127401272	6.8	3.16	4.62	3.6	6.29	3.65	5.82	4.87	3.02	4.55	4.08	5.93
TMPOP2	7.3	3.9	5.45	5.54	4	6.31	8.92	7.21	4.44	4.93	3.08	7.43
LOC127407045	3.07	3.8	5.84	3.69	5.17	6.19	5.36	6.47	5.58	4.28	3.84	7.06
LOC127407358	9.64	2.31	7.33	5.45	7.14	7.97	5.87	8.68	2.41	3.86	6.47	4.85
MIR4776-1	2.96	3.59	4.25	5.2	4.6	3.22	6.31	6.62	3.48	5.1	3.87	7.12
MR1P1	6.36	4.65	7.37	4.49	6.86	3.19	3.57	8.47	5.87	7.56	7.68	3.86
LOC130056399	5.25	4.6	2.36	3.27	2.94	3.53	3.27	5.06	6.93	7.41	5.42	5.56
LOC129998377	4.27	5.59	3.84	4.16	1.83	2.93	4.04	2.92	5.59	2.56	4.99	4.02
LOC124906341	4.32	7.33	2.56	5.88	5.59	8.57	5.64	6.93	4.11	4.12	2.63	5.73
LOC124900675	3.22	5.6	5.56	4.11	7.14	0.48	3.07	4.45	3.86	8.14	5.6	2.63
LOC127269662	7.92	7.66	5.76	4.41	4.05	2.46	4.86	5.87	8.47	7.79	4.83	6.08
LOC127267488	5.16	3.83	2.54	3.07	4.54	3.63	6.44	8.14	4.39	3.16	6.16	7.23
LOC129934845	5.47	7.43	5.09	4.22	6.67	4.57	4.01	6.44	6.25	8.35	3.26	7.3
LOC127818669	5.38	6.07	3.36	4.96	4.18	4.73	4.9	2.3	2.97	3.23	8.03	4.76
LOC125418071	4.32	2.85	5.89	3.69	2.98	6.83	5.31	7.72	3.19	3.87	5.64	9.25
LOC130001044	2.96	5.72	2.2	4.31	3.51	7.31	2.1	6.33	4.28	5.36	3.31	3.98
LOC127827611	5.46	2.77	6.56	3.02	4.69	3.13	4.7	4.82	5.64	4.66	5.11	5.62
LOC102723313	1.23	6.71	4.92	6.35	2.21	5.41	2.83	3.79	6.56	1.63	5.18	2.62
IFITM3P7	2.45	4.03	3.14	8.98	6.46	1.96	4.54	4.93	5.02	2.79	5.58	5.65
GAPDH	2.1	3	1.5	4.2	5.1	2.8	3.5	4.8	1.9	5.5	2.4	3.9
LOC127891026	3.06	3.78	4.52	5.84	6.52	3.43	6.13	0.97	4.82	0.43	6.53	2.35
LOC129995681	5.19	3.47	4.34	7.85	7.78	5.8	3.4	3.6	5.62	5.8	3.31	5.07
LOC127894289	7.88	8.06	2.3	4.31	6.78	3.21	2.83	4.94	2.41	2.44	4.07	5.57
LOC127897600	2.27	6.79	3.95	4.3	7.61	5.03	8.2	2.79	5.1	4.72	5.94	5.89
LOC130058858	5.78	6.22	4.69	6.17	4.37	4.99	1.55	0.98	4.63	4.93	4.24	5.35
LOC127459578	6.62	5.13	2.33	3.29	7.09	3.07	3	6.06	4.67	7.26	4.69	3.69
LOC105378458	3.22	6.33	5.54	4.69	2.57	5.68	4.42	3.6	3.88	4.15	3.47	2.53
RN7SKP85	4.9	6.19	7.47	4	6.1	10.9	4.87	5.08	8.11	4.02	3.5	7.66
LOC127406134	6.48	7.89	6.41	3.26	7.98	5.04	3.87	0.66	3.49	6.52	6.09	4.43
LOC121853016	4.54	6.53	3.56	5.76	8.7	4.25	2.56	6.43	4.49	4.28	6.76	7.23
LOC130007504	4.6	4.63	3.82	4.75	5.52	4.07	4.83	3.35	3.49	5.88	2.92	1.41
LOC127826123	5.55	4.61	4.16	8.91	6.38	4.35	2.69	7.17	4.51	6.85	3.72	8.64
LOC127408711	4.89	4.16	6.09	0.1	3.06	5.3	4.1	5.12	5.85	3.66	3.83	3.06
LOC129390550	4	4.35	4.93	6.16	2.24	3.43	5.76	5.38	0.99	6.35	1.94	4.5
LOC129931148	4.75	4.57	3.3	3.52	4.98	7.74	6.85	5.54	4.67	4.34	4.61	6.44
LOC124905020	8.39	7.2	2.28	4.48	5.53	6.08	6.98	4.81	4.47	5.86	5.43	5.46
LINC00560	6.57	0.81	6.01	3.04	4.76	6.66	6.64	6.17	2.94	4.24	4.92	3.7
LOC130001230	3.35	3.74	3.12	6.04	3.56	7.49	4.5	8.44	4.71	7.95	4.42	0.75
LOC130062963	2.76	4.76	5.89	7.44	2.8	3.04	1.84	5.56	5.48	6.81	6.15	5.07
LOC130001423	4.35	2.69	5.13	5.88	6.69	3.31	2.19	4.77	5.46	4.65	9.93	3.41
KLB	7.39	7.91	6.3	3.36	6.81	5.59	6.23	4.62	4.09	0.26	0.82	0.1
STK11IP	5.53	4.58	6.97	7.91	4.71	4.14	0.88	2.85	9.16	7.32	1.84	4.26
NAMPTP1	3.74	2.99	2.44	4.71	8.03	5.92	6.34	5.32	4.41	4.67	5.48	5.73
LOC123230412	6.59	3.4	6.84	5.32	5.03	4.87	5.04	2.46	2.12	2.6	7.67	3.85
LOC127397989	4.76	6.57	6.24	4.91	6.76	6.27	8.45	3.03	4.01	5.21	2.19	4.95
LOC130003479	2.98	8.36	4.45	4.61	3.79	2.11	4.98	7.55	6.73	5.04	4.81	5.71
LOC132089109	5.83	4.78	4.96	5.15	6.09	6.26	1.14	2.24	3.65	4.17	7.22	1.84
LOC127275947	7.74	5.19	5.88	3.15	6.19	1.68	6.48	8.84	4.88	6.85	6.59	7.27
LOC110806264	5.78	3.29	6.19	7.08	5.52	4.97	6.97	6.26	4.28	3.49	5.2	4.86
LOC129660387	5.35	7.37	1.91	6.16	6.96	5.85	4.26	8.18	3.77	5.33	5.07	10.02
PSMG3	3.82	6.3	7.63	5.14	4.76	3.57	4.47	5.81	7.37	2.74	6.1	7.22
LOC127893860	6.02	0.81	2.47	6.7	1.39	7.7	5.73	4.66	1.66	5.68	4.61	8.31
TTC14	3.07	3.84	1.25	2.8	4.39	5.39	5.46	8.04	4.96	5.57	7.98	4.47
LOC127397436	2.02	4.58	6.72	6.95	6.37	2.1	4.97	5.04	4.69	2.33	4	3.98
LOC102724210	4.92	3.01	2.28	5.38	1.63	7.81	5.1	4.24	7.58	4.34	3.78	5.79
LOC129660421	4.94	4.51	4.6	5.91	1.91	5.56	8.57	3.96	4.89	6.24	6.71	5.36
LOC112163665	9.26	2.96	2.58	4.18	5.04	4.5	6.98	4.02	6.86	7.16	5.74	2.41
PHB2	2.81	5.65	1.77	3.59	5.22	6.3	8.69	5.81	5.43	5.98	7.35	6.66
LOC130003162	5.31	5.6	4.2	4.02	7.19	2.75	4.27	5.71	3.49	4.37	1.19	6.07
LOC127407823	6.45	6.46	6.16	6.87	4.89	5	4.26	5.12	5.68	8.96	4.75	5.68
RNU6-352P	6.89	5.75	5.57	6.96	5.91	5.51	4.44	1.71	3.01	4.16	4.27	4.94
LOC129390705	4.98	7.87	3.84	7.8	5.49	0.1	6.3	2.99	2.86	2.92	4.33	3.74
GLP2R	3.66	4.3	4.97	4.89	6.34	4.26	8.21	0.92	7.18	3.8	6.86	3.31
LOC129935847	4.88	1.12	4.82	3.64	6.65	3.76	5.76	2.8	5.38	7.42	2.47	3.27
LOC113174973	8.49	5.05	4.96	7.65	2.6	5.64	4.43	8.33	2.15	4.28	5.23	0.76
LOC127818995	5.87	6.17	4.2	2.21	3.77	7	5.55	7.74	3.9	5.95	7.05	8.45
LOC124900401	1.32	4.28	5.65	4.71	6.65	5.27	4.4	3.69	6.1	7.95	6.26	6.91
MIR548AA1	7.56	7.52	3.05	6.09	1.1	3.56	4.66	7.25	5.5	4.39	1.72	3.28
LOC130061812	5.97	6.97	5.68	2.91	0.38	4.86	3.26	4.75	4.2	3.82	4.08	4.77
LOC127405652	4.94	5.97	4.39	2.19	5.25	3.18	5.26	4.68	3.3	4.12	3.24	4.46
LOC127891752	4.97	5.13	4.4	5.88	5.06	3.18	4.24	6.9	4.52	10.04	3.33	4.53
LOC126863093	4.73	4.01	6.27	7.92	4.37	0.49	3.17	4.77	6.63	3.6	3.44	4.59
LOC129999011	5.46	4.68	4.23	3.71	6.53	4.53	5.02	7.18	3.98	5.58	6.29	6.24
ST13P22	4.09	5.84	3.23	3.76	7.15	6.06	5.87	5.53	6.73	6.59	3.12	4.71
LOC127818050	5.5	6.74	2.83	3.31	6.79	5.49	4.72	3.23	6.18	2.96	6.44	5.5
INHBA-AS1	3.32	4.47	6.2	7.67	4.68	3.11	4.54	5.73	4.53	5.76	5.05	6.33
LOC127400268	5.36	3.69	0.8	3.73	4.95	4.16	4.58	4.93	1.72	6.72	2.84	5.84
ASB12	6.99	9.46	4.25	3.49	5.55	7.04	6.78	4.07	3.51	4.97	5.45	4.79
LOC127891866	5.92	5.93	5.33	3.55	1.17	6.33	6.31	4.63	6.18	3.56	7.05	5.73
LOC130056891	6.86	3.37	2.53	3.94	3.19	5.97	4.95	5.02	8.27	4.65	5.65	0.69
LOC127404906	3.04	6.68	5.01	3.92	6.43	4.42	3.36	6.13	6.5	5.66	6.74	4.09
LOC127889172	5.1	5.11	6.21	6.09	5.44	4.91	5.09	5.13	3.22	4.09	5.68	7.68
LOC130065997	6.11	6.49	1.72	5.54	2.66	2.99	2.72	5.38	5.42	6.25	5.23	5.56
LOC129662653	3.08	5.09	3.4	5.85	7.32	5.07	6.97	2.71	4.3	4.55	1.14	7.6
LOC130002068	7.82	4.89	8.17	3.87	5.88	5.73	5.67	4.66	3.99	3.82	6.81	4.41
ZIM2-AS1	3.14	5.16	3.82	6.3	3.92	5.1	7.68	4.81	3.03	7.7	2.2	3.18
LOC126805959	5.3	5.74	3.26	0.1	5.02	5.39	6.96	4.35	3.62	2.39	2.53	3.31
CTSA	5.27	3.9	3.46	7.03	5.12	0.67	5.83	4.27	6.51	5.58	5.87	5.09
LOC132090313	5.22	3.82	4.22	5.36	4.46	5.52	4.16	5.02	8.39	4.53	5.75	2.63
LOC124292580	4.62	4.67	5.33	4.27	4.67	4.41	4.79	5	6.16	4.81	5.59	7.16
LOC105378129	5.81	5.31	3.73	5.86	4.73	2.73	2.86	5.86	2.89	4.82	8.03	5.49
LOC130001321	3.14	4.43	5.36	2.8	6.19	4.46	4.64	7.59	3.73	3.53	6.72	4.4
LOC130005053	2.68	5.57	6.26	3.86	6.8	5.34	7.09	4.61	8.8	3.86	3.92	7.26
LOC110121493	3.82	3.02	5.61	5.2	5.99	3.28	5.3	4.52	4.17	4.08	3.04	5.43
LOC127821497	4.9	2.42	6.35	2.19	8.14	5.04	5.29	8.8	3.58	6.7	7.75	4.46
LOC127269627	7.26	8.41	3.56	4.93	6.12	2.88	4.22	4.26	4.17	6.75	4.52	1.89
LOC127407442	7.86	5.72	4.78	4.93	5.58	3.05	7.38	4	9.31	6.39	4.96	2.51
LOC129998705	5.58	4.29	6.2	4.5	6.51	8.27	5.95	5.92	5.64	6.66	7.19	4.07
LOC130064826	5.69	4.5	5.1	2.67	4.76	6.39	3.47	4.75	4.48	8.96	4.29	4.21
ZNF485	4.56	6.41	5.38	7.1	6.32	2.16	5.52	5.87	6.96	9.98	4.24	5.43
LOC127820005	5.09	4.62	5.09	2.33	8.61	4.57	6.99	6.39	2.49	4.19	3.62	2.73
LOC130001509	2.47	5.35	5.33	2.34	4.63	5.24	4.53	10.03	4.79	1.89	6.36	1.98
LOC129996074	5.52	4.52	4.96	3.95	6.86	4.45	5.07	7.21	6.26	5.98	3.46	3.72
LOC127826802	4.04	4.1	3.02	7.79	5.04	6.97	4.37	6.7	2.98	3.68	1.12	7.56
LOC127407825	5.6	6.08	5.31	5.19	3.65	9.07	7.31	5.55	4.13	5.67	3.07	3.74
LOC127895640	4.38	5.25	4.18	5.47	7.04	3.96	5.21	4.28	5.76	2.94	4.79	5.33
PUS3	3.81	7.34	7.58	4.61	5.83	6.52	9.73	5.09	2.5	5.9	3.3	4.83
LOC127896166	4.61	2.97	4.05	5.49	4.43	7.01	1.44	3.14	1.36	2.81	5.51	3.76
LOC127268255	4.34	4.76	5.27	6.14	8.17	5.73	4.92	6.46	4.48	8.49	5.56	3.17
GNAL	6.97	4.62	1.45	6.27	1.66	5.85	6.6	6.14	8.66	3.35	2.1	3.75
LOC127273699	5.38	3.07	3.81	7.47	4.89	7.21	4.54	7.31	3.57	7.02	4.54	2.94
LOC127274971	5.78	6.8	3.51	3.6	4.62	5.22	8.72	3.2	2.51	3.32	6.63	6.55
LOC127396587	2.77	4.81	7.22	4.72	4.76	1.44	4.98	4.53	4.78	5.72	5.7	4.97
LOC127403593	7.69	2.51	4.73	5.74	5.22	5.81	3.14	3.25	7.22	4.19	5.19	5.26
JAKMIP1-DT	5.29	3.93	5.26	6.49	8.35	2.68	4.21	4.62	3.31	6.22	1.78	4.86
LOC101929343	3.46	3.01	5.54	4.4	1.26	3.9	4.59	5.38	6.11	7.41	5.25	4.58
LOC129389079	5.56	6.87	4.04	6.17	6.87	4.57	5.19	6.49	4.49	8.13	7.5	5.35
LOC129999261	6.57	9.58	5.54	4.01	3.63	1.18	5.29	5.54	1.46	5.42	7.26	5.15
TANC1	2.51	3.79	7.71	4.39	6.7	4.67	7.68	3.88	4.89	3.01	4.16	4.25
LOC127886163	8.04	4.83	6.11	6.82	4.19	6.6	3.77	4.84	5.62	3.66	6.64	7.16
ACTB	2.3	3.2	1.7	4.5	5.3	3	3.7	5	2.1	3.2	2.6	4.1
LOC130003370	7.02	9.88	3.5	5.4	4.6	2.32	4.98	5.73	5.23	5.23	7.53	4.45
LOC127890729	5.13	0.81	5.32	6.67	3.9	4.46	2.92	6.03	3.44	4.22	6.47	5.04
LOC127402593	4.4	4.07	5.53	4.38	2.79	3.97	5.37	2.75	3.75	5.92	2.46	4.94
LOC107985815	1.7	2.83	3.82	6.12	3.2	5.56	5.51	6.38	4.75	2.45	6.37	5.83
LOC129996250	3.02	4.59	5.21	3.73	4.35	3.88	2.84	6.68	7.38	4.25	1.31	6.89
LOC126806764	4.93	4.5	8.55	5.31	4.93	3.74	2.75	6.17	2.57	3.52	7.02	3.02
SNORD11B	6.49	3.69	3.25	5.02	5.93	5.64	4.88	6.58	3.58	0.45	7.31	4.45
LOC129930187	1.61	8.3	6	4.95	4.86	5.89	3.78	3.3	4.92	5.85	5.44	2.37
LOC129389649	7.48	5.46	3.07	2.7	7.22	7.06	6.3	3.39	2.78	4.03	1.5	4.14
LOC127458857	7.52	9.31	5.63	4.71	2.77	6.92	3.98	7.39	2.59	5.41	6.92	5.53
LOC107986772	2.94	6.48	3.12	3.53	6	3.82	4.86	6.31	4.48	6.55	6.66	4.58
LOC127886000	5.85	2.72	6.06	4.35	6.65	6.63	5.8	4.45	4.1	4.92	7.33	3.29
LOC130004348	3.14	3.64	2.72	6.84	5.92	2.62	3.61	6.08	6	6.82	4.71	4.99
FEM1AP2	4.77	5.49	5.04	3.98	4.77	5.29	6.66	8.26	4.3	3.34	4.91	4.08
LOC127894078	6.67	3.96	7.41	4.94	4.09	1.42	5.55	5.34	2.35	5.05	7.43	4.77
LOC130066230	6.56	5.64	4.6	5.19	2.46	5.73	9.06	4.27	9.42	3.19	6.05	4.33
LOC130008662	3.47	6.32	4.81	4.66	2.22	3.07	4.43	3.95	4.12	7.33	3.05	3.81
PTGES3P3	4.3	5.76	7.53	6.45	6.26	4.87	1.45	2.93	9.3	6.43	6.14	7.2
LOC107984362	3.24	4.76	8.67	4.92	4.43	5.49	7.11	5.37	3.32	2.8	5.76	1.25
RNU7-29P	5.61	3.84	9.47	5.28	2.27	2.3	5.02	5.92	5.97	6.16	6.25	4.96
LOC129662170	2.19	2.68	4.29	3.4	5.93	6.62	7.89	5.31	3.84	5.76	5.94	5.64
LOC127138853	0.27	5.61	3.1	4.31	6.42	6.97	3.26	5.63	6.92	6.17	5.94	4.23
LOC127404011	7.65	6.66	6.17	3.84	1.13	5.5	9.75	4.73	3.87	8.89	6.34	4.75
LOC130058929	9.09	4.86	5.78	5.85	8.31	2.78	7.55	5.85	4.97	3.55	4.47	5.06
LOC122817710	4.18	6.36	7.31	7.07	7.22	2.33	4.63	3.51	5.97	5.49	7.59	5.16
IGHV3-43	6.37	9.01	5.27	4.17	2.72	2.29	7.01	4.6	4.4	6.46	3.38	4.97
LOC127819790	4.99	8.48	5.29	1.01	3.55	4.2	4.86	4.93	3.71	4.73	5.94	2.36
LOC127273604	7.65	4.11	7.72	3.48	5.38	4.81	8.58	7.38	4.63	4.31	1.38	8.26
LOC127409495	6	5.98	5.29	3.32	5.66	5.64	3.93	1.29	1.66	5.63	5.14	5.29
LOC121811707	5.37	3.74	6.23	7.13	2.86	6.43	5.31	9.09	4.63	6.48	4.92	4.37
LOC129992750	1.76	6.24	5.87	5.26	3.85	4.07	3.14	3.74	4.06	2.87	4.07	3.2
LOC129930286	6.95	4.89	4.92	7.82	10.55	6.98	4.84	6.94	5.04	4.7	2.17	6.68
RPL21P137	4.37	5.5	4.04	5.72	6.69	4.33	3.37	4.52	2.09	4.52	1.5	5.35
LOC111818964	2.47	3.45	4.39	2.21	7.5	2.3	8.13	4.48	6.12	5.09	4.75	5.88
LOC127405275	4.64	7.17	1.49	5.89	3.57	6.28	4.42	4.77	4.89	7.83	1.77	5.53
LOC130004374	4.77	4.85	7.3	3.65	4.45	6	3.92	0.61	3.07	3.5	4.8	6.83
LOC129996876	6.91	4.2	2.13	5	2.57	5.21	7.02	10.18	7.3	4.76	3.18	5.85
RNU6-453P	2.9	4.86	3.94	4.82	5.65	5.88	1.88	5.46	4.75	2.23	6.82	4.96
LOC129993214	4	5.14	4.33	4.74	4.91	7.57	6.9	6.21	1.9	3.86	6.37	4.9
SPATA17	7.68	7.95	7.17	4.4	9.16	4.41	3.72	3.93	7.79	4.72	3.99	6.4
LOC124909218	7.45	3	5.1	8.46	4.43	6.82	5.34	3.7	3.96	4.26	6.71	5.36
LOC105378088	7.09	9.43	6.7	7.72	5.02	4.01	2.59	7.44	5.35	3.93	8.67	4.22
TOM1L1	7.99	3.61	4.47	3.4	3.31	7.49	6.12	6.42	7.92	5.64	6.31	6.25
LOC127820945	5.37	5.31	8.01	5.36	5.41	4.7	6.74	7.01	6.17	4.89	5.82	4.35
LOC129390361	3.95	1.3	5.88	7.07	3.59	4.58	5.63	4.43	5.11	3.74	3.83	2.52
LOC127828587	6	3.82	5.99	6.98	3.13	6.12	3.8	2.6	5.48	2.95	3.47	9
LOC127893406	6.91	6.32	6.58	3.39	4.81	6.09	6.07	3.91	4.07	6.25	4.81	4.62
LINC00842	9.34	5.91	2.33	7.54	3.37	7.59	4.59	7.99	6.61	2.99	6.37	4.39
LOC105378139	1.46	5.74	4.98	3.73	3.45	5.85	5.33	2.17	5.38	6.51	3.35	8.38
LOC124904372	5.49	4.16	5.39	5.23	5.92	6.81	4.22	8.18	3.87	4.83	3.52	7.84
LOC127398895	6.18	1.68	3.62	5.3	6.96	6.23	9.38	4.12	4.04	5.73	4.1	1.62
LOC127889853	4.9	3.07	5.02	1.54	6.56	4.14	1.83	2.18	5.96	2.17	3.76	4.56
LOC127825182	2.2	4.59	3.7	4.76	4.99	7.28	6.14	2.95	3.3	4.94	4.76	0.79
MTND2P2	6.33	6.12	5.4	1.22	5.16	3.26	8.44	5.63	6.29	5.35	2.88	3.96
LOC129992891	3.6	6.51	1.79	1.46	3.64	6.84	3.48	4.48	6.51	8.25	2.28	4.66
LOC127138850	5.91	4.45	5.51	5.58	5.53	3.39	1.93	0.34	3.25	6.83	7.61	4.62
LOC127457761	6.63	4.73	3.85	5.61	6.8	6.76	2.8	4.34	7.17	4.26	6.06	2.66
OR7L1P	7.31	4.71	6.69	6.75	3.25	4.8	5.2	7.83	4.37	8.89	5.63	4.2
CHORDC1P4	2.2	5.1	1.45	5.68	6.8	5.06	7.55	4.38	7.63	2.63	2.08	4.68
LOC129935536	6.95	7.77	5.08	3.79	3.83	8.48	6.22	7.79	5.77	5.72	0.1	3.28
CGF1	3.64	3.69	4.6	3.56	5.77	3.63	5.3	3.77	2.34	5.6	6.71	4.53
SNORD3B-2	2.68	4.63	6.69	6.45	2.5	6.89	3.18	6.33	6.29	6.9	6.24	2.91
LOC127890012	7.37	5.14	2.16	7.61	5.31	3.78	3.65	4.37	3.55	5.93	5.99	0.1
LOC127398836	7.06	2.59	4.01	6.44	7.36	5.04	5.12	6.63	4.18	4.88	6.31	4.76
LOC129661029	4.56	3.34	6.28	5.39	4.86	4.78	5.12	1.67	5.68	4.21	6.6	4.71
LOC105374815	6.37	5.36	6.1	4.88	2.15	8.49	4.72	5.37	6.88	2.61	5.09	2.17
LOC127398559	3.45	5.77	5.64	7.93	7.94	7.29	1.68	7.44	4.14	7.13	2.14	5.94
LOC127402644	4.73	7.05	5.52	0.51	3.52	5.14	5.45	3.48	5.23	4.96	4.73	6.8
MARK2P9	4.83	4.16	2	6.79	3.24	5.24	4.58	7.98	2.2	3.9	7.87	5.4
LOC124403962	4.49	7.62	6.53	4.7	3.89	5.15	2.15	4.27	1.19	6.66	3.95	5.61
DNAJC7	6.32	3.44	5.39	2.97	3.21	2.52	1.87	3.99	1.62	6.45	3.06	4.79
LOC127397331	7.77	2.13	1.73	6.51	5.36	1.97	5.3	3	3.55	5.5	1.59	4.48
RIMKLA	4.18	1.5	4.69	3.24	5.6	4.66	3.38	6.02	6.84	2.01	5.58	5.82
LOC127270202	4.94	6.99	6.72	5.62	4.35	4.63	1.7	3.01	3.31	5.86	6.29	3.98
LOC127888450	7.95	5.55	6.27	5.33	6.48	3.69	4.83	2.46	3.25	9.65	6.61	6.48
BACE2-IT1	4.41	4.77	3.86	5.25	5.8	3.39	5.89	4.54	4.48	2.33	6.08	4.43
LOC129661102	0.31	4.47	6.63	1.67	2.7	4.91	6.85	1.86	3.03	3.94	6.81	6.19
LOC129388856	5.93	7.86	4.29	5.29	6.19	8.21	3.21	3.4	6.06	7.05	7.37	8.77
LOC127830811	3.4	7.16	5.69	4.11	2.66	4.37	4.94	8.51	5.36	5.3	4.16	5.01
LOC127828671	3.2	3.19	6.67	3.73	4.85	7.03	7.03	5.08	6.25	5.81	3.57	3.8
LOC127890891	7.56	2.5	5.7	2.87	4.51	4.56	2.32	6.54	3.32	5.6	6.41	6.74
LOC129934108	9.41	6.95	3.83	2.95	3.56	5.56	7.06	2.08	4.83	4.34	8.25	4.08
LOC127820835	3.13	6.01	6.48	3.48	7.03	8.91	8.28	1.08	5.02	6.06	5.17	6.16
LOC127399850	6.86	4.08	7.66	7.24	5.05	5.53	3.67	6.73	5.74	5.43	6.61	4.04
LOC129996853	4.83	5.71	3.33	6.25	5.93	3.83	4.76	5.18	5.21	3.09	6.78	5.02
LOC127894594	5.26	1.36	4.67	5.49	4.92	1.93	0.1	7.92	3.68	1.89	4.17	5.34
MIR6879	7.2	3.8	6.81	8.09	3.41	4.08	1.43	6.88	6.32	4.95	5.26	4.31
LOC127397015	5.38	5.78	3.47	7.9	6.05	6.8	7.34	1	5.66	1.04	5.79	8.13
LOC388996	3.47	4.87	1.91	6.63	3.57	4.16	0.1	7.17	4.79	4.03	6.26	4.45
LOC130067371	4.15	2.69	4.11	2.87	6.53	6.47	5.18	3.17	4.23	4.83	4.22	5
LOC101060042	6.24	6.83	6.92	7.58	9.35	4.57	3.06	4.84	6.41	9.48	2.81	6.22
MAPK12	0.8	7.09	2.55	4.64	5.62	2.48	4.58	5.47	8.14	0.4	6.21	6.28
LOC126859963	6.97	3.31	4.55	4.56	6.21	1.59	3.89	3.77	7.65	6.78	2.29	5.24
LOC127270810	2.18	4.67	6.73	5.43	5.79	3.18	4.66	3.62	4.17	3.72	4.15	4.75
LOC125138308	5.04	6.32	5.08	5.11	7.25	5.01	4.73	5.02	4.8	1.47	6.82	6.83
LOC127825746	4.66	6.55	6.02	4.11	2.75	4.11	5.78	5.49	4.15	2.74	4.13	5.63
ANOS2P	7.33	4.05	7.92	6.23	3.28	3.58	4.47	2.12	5.32	6.04	5.36	6.8
LOC127897508	5.34	3.42	6.62	4.13	5.13	5.16	6.98	8.19	4.4	4.63	3.46	4.17
CELIAC12	5.18	5.62	6.06	3.98	4.89	3.03	3.1	7.42	8	5.09	5.52	8.79
LOC130057108	6.26	1.55	5.88	4.54	2.93	6.74	4.91	4.4	4.38	4.28	6.32	7.95
LOC124900394	3.51	3.29	2.91	3.63	1.84	3.92	1.22	1.95	4.2	4.76	7.06	3.34
LOC127274207	4.65	6.39	6.51	5.28	4.15	4.69	5.88	6.84	4.79	2.32	6.06	4.44
LOC129661641	7.12	1.93	5.98	4.82	7.96	3.37	5.27	8.63	4.66	6.59	4.78	3.69
LOC124902754	6.23	2.84	5.73	4.47	9.04	5.99	6.43	2.99	6.23	7.15	3.42	7.3
LOC130059348	2.7	4.57	5.1	5.83	6.5	5.67	2.49	5.29	5.96	6.24	4.51	5.56
XECD	6.15	4.46	2.71	1.72	2.08	4.2	4.02	2.38	2.16	2.76	6.29	5.33
LOC130067704	2.52	1.84	5.28	5.45	6.35	1.46	2.82	4.1	3.81	4.42	8.13	3.61
LOC130061483	3.92	5.92	7.26	6.62	4.03	5.29	4.86	6.13	4.22	6.07	5.47	8.18
LOC130063579	7.18	3.16	3.9	6.58	5.23	5.77	3.52	2.39	6.7	5.93	4.06	7.1
LOC127829300	0.95	4.72	1.76	9.02	6.22	5.88	4.46	3.03	4.96	0.96	2.93	5.75
LOC130056572	1.8	4.65	8.31	3.85	7.99	6.89	7.01	4.36	5.9	2.27	4.39	8.05
LOC129935684	7.34	6.25	3.98	3.24	5.24	3.52	8.32	4.02	4.86	3.64	7.84	5.29
LOC130067256	3.53	4.88	7.05	5.59	3.73	3.67	1.52	5.03	4.21	1.65	2.37	4.29
RN7SL827P	7.24	4.76	6.12	1.97	6.38	2.7	2.56	4.79	6.2	6.52	3.19	0.46
H1-6	4.7	7.98	7.98	7.18	6.48	6.54	7.12	1.47	9.2	4.3	5.56	3.33
LOC129936821	5.77	5.67	4.92	3.12	6.63	4.17	5.14	2.7	5.01	6.7	0.1	1.83
LINC01854	6.46	6.12	4.46	5.79	7.06	3.56	3.22	5.26	0.1	4.71	7.49	0.78
TOMM20L-DT	3.83	5.85	8.12	4.39	5.52	4.92	6.25	5.84	3.28	7.36	4.53	0.29
LOC102723964	4.45	6.03	8.88	0.72	3.3	4.66	2.91	7.61	4.59	0.1	4.58	3.98
SRARP	4.25	7.4	5.57	5.47	5.24	3.86	4.74	6.06	2.2	3.68	6.02	5.63
LOC129932157	10.07	4.9	5.31	3.01	1.83	8.54	5.66	4.96	5.57	6.64	9.96	3.4
LOC127891420	5.23	5.44	6.34	6.66	7.07	3.67	6.42	6.09	3.95	5.56	3.2	5.4
LOC130003328	5.85	8.55	3.79	0.59	5.91	7.05	6.22	3.02	6.25	4.53	3.79	2.99
LOC132090502	4.39	4.05	5.9	4.76	6.26	6.08	5.98	0.89	6.7	7.69	6.01	7.29
LOC130066578	4.56	7.32	3.22	3.1	5.29	8.27	5.74	4.56	1.73	4.32	2.16	2.74
LOC110120829	7.48	3.91	4.46	7.03	0.7	5.2	6.75	4.47	6.01	9.71	4.93	6.97
LOC105370130	4.39	8.08	6.43	3.69	3.9	5.02	4.37	3.52	6.75	4.95	5.4	4.6
LOC124907059	5.04	3.8	3.63	6.68	6.7	3.89	3.04	0.96	3.78	3.51	5.45	2.66
LOC127884884	5.68	3.53	6.53	4.16	4.51	2.84	5.74	2.54	3.33	4.71	5.1	5.9
LOC127818871	4.22	6.87	5.9	5.23	6.51	4.46	5.67	7.69	1.52	6.27	6.26	7.56
LOC127457628	8.53	6.74	7.58	7.63	3.31	3.93	6.78	2.99	6.73	7.31	4.32	4.6
LOC130004547	2.43	5.99	8.9	3.77	5.46	4.07	3.19	4.96	8.75	6.75	5.42	6.04
PLA2G1B	8.62	5.49	3.96	8.27	4.01	5.67	5.63	4.39	4.79	3.4	6.7	5
LOC130066491	4.37	5.44	5.7	6.78	3.83	4.2	4.19	8.04	6.99	1.52	6.05	5.4
LOC127405033	7.44	8.7	7.81	7.31	4.67	0.1	6.18	5.26	7.21	6.01	5.39	4.46
LOC124908770	1.4	2.42	5.36	0.96	8.09	4.62	7.05	8.65	5.18	5.21	5.18	4.14
C1RL-AS1	6.72	3.22	3.82	4.7	5.31	5.34	6.52	6.88	5.07	8.11	9.35	3.43
RNU6-948P	6.58	2.7	3.2	2.36	5.4	4.87	3.16	2.21	8.69	5.63	4.53	5.1
LOC126861197	2.71	6.73	7.52	6.37	7.87	5.36	3.43	5.19	4.19	7.55	4.57	3.35
LOC129993493	3.62	4.56	9.68	7.2	4.48	4.19	3.9	5.82	2.87	4.59	5.43	5.85
LOC101927484	5.35	4.77	3.11	3.89	5.93	6.71	5.79	3.86	7.23	4.93	6.75	4.87
ARHGEF2-AS2	7.06	8.21	5.2	4.08	3.7	4.39	3.72	4.31	3.92	4.66	4.98	1.08
LOC127889448	3.62	3.96	2.18	2.08	6.53	4.17	5.38	5.05	2.34	7.78	5.07	0.1
LOC124901554	4.6	8.64	5.13	6.42	2.58	6.66	7	1.53	4.39	6.33	3.62	1.75
LOC130060500	7.83	2.46	4.45	7.63	4.9	7.15	5.98	1.15	3.48	3.81	7.51	2.81
LOC129934765	2.97	7.37	4.98	1.94	7.03	4.25	7.25	3.71	3.21	5.18	4.27	3.99
LOC127825953	6.71	5.58	10.21	1.74	7.41	4.77	5.16	5.79	9.09	3.46	5.57	5.68
LOC130005033	5.81	4.3	2.48	7.06	4.84	3.72	5.47	7.03	5.02	0.26	7.16	2.67
GNG12-AS1	3.01	4.69	5.78	7.43	0.7	5.23	3.23	0.63	6	3.75	2.03	1.28
LOC127397687	3.8	7.41	8.3	5.67	7.96	8.14	6.14	4.61	1.2	4.18	7.44	5.54
LOC132090212	6.41	8.07	3.9	5.44	3.88	6.58	1.87	3.36	5.19	3.98	6	5.34
LOC127890290	5.45	1.98	3.53	3.88	6.29	6.16	2.56	3.93	1.76	6.52	4.55	3.61
LOC127888575	7.57	11.16	5.09	5.61	1.95	5.84	5.66	6.78	5.85	2.23	6.15	5.41
LOC129933261	3.92	9.64	7.34	4.19	4.2	4.62	3.34	8.63	6.31	4.43	3.96	4.37
LOC130068799	1.91	4.05	4.38	8.68	7.94	2	5.67	4.41	4.23	5.56	4.98	7.91
LOC127460536	6.89	4.88	3.15	4.19	5.62	6.35	2.67	5.09	4.03	5.22	3.53	4.66
LINC03099	3.9	3.81	5.13	0.1	5.62	5.26	5.05	1.85	7.38	3.89	5.87	2.99
LOC127268243	5.22	4.83	1.37	5.9	6.62	4.07	1.96	9.96	3.04	7.19	4.52	6.52
TRE-TTC11-1	8.09	6.33	2.34	2.74	2.54	7.36	5.85	4.94	5.56	9.81	4.59	6.58
AP1S3	4.55	5.19	6.96	6.48	5.06	6.52	1.83	6.28	5.89	5.05	7.53	6.58
LINC02380	7.79	5.35	5.83	2.22	5.85	7.18	5.48	5.83	6.33	5.26	7.66	6.4
LOC127893697	3.03	7.66	1.09	4.53	7.04	6.35	5.02	2.73	4.79	7.45	3.74	2.51
LOC127275704	6.67	1.03	6.11	5.7	3.54	3.63	6.68	5.29	5.29	6.35	6.55	5.64
LOC127827414	5.44	4.12	0.85	4.64	5.42	4.54	9.27	2.63	3.24	5.99	5.88	2.83
GPR42	3.67	5.26	4.2	1.5	6.2	1.56	1.77	5.18	6.69	2.75	6.33	5
LOC127826771	2.7	3.59	5.54	2.43	11.69	4.64	4.35	5.56	3.94	4.24	6.13	5.03
SMTNL2	5.14	6.91	2.43	3.47	7.86	1.8	3.81	3.25	3.16	2.66	3.93	4.98
LOC127886380	5.46	4.2	7.28	7.92	0.73	5.2	3.77	2.53	4.34	3.25	5	3.66
RNY5P1	5.5	4.23	7.19	4.77	5.03	5.28	2.68	5.11	3.64	3.13	3.82	3.78
LOC127815819	5.97	7.14	3.79	7.3	5.34	3.89	5.87	5.18	6.94	6.61	4.45	3.69
LOC124904486	4.17	6.5	7.02	5.32	6.47	4.96	5.4	5.19	3.84	2.16	4.09	7.16
OR4M2-OT1	4.08	4.73	5.35	4.11	3.74	2.09	5.92	8.48	9.27	5.48	4.73	2.46
LOC130009389	5.43	4.41	6.17	7.03	6.79	5.68	8.25	3.89	4.7	4.28	6.44	1.9
LOC129994751	4.03	2.39	6.21	2.94	3.75	8.42	1.94	3.99	6.67	5.5	2.86	6.2
PIP5K1P2	7.19	3.74	2.69	7.67	4.81	6.08	5.52	3.22	3.98	2.78	5.78	4.22
LOC130066231	5.31	9.68	1.35	6.65	6.09	8.12	4.52	9.92	5.41	6.36	5.39	4.41
LOC130067021	3.89	4.93	8.97	5.6	3.91	4.74	4.32	3.7	7.04	5.52	6.73	7.81
LOC112694766	1.75	6.64	5.42	6.03	5.15	4.51	3.75	7.4	7.48	6.22	2.2	0.33
LDHBP1	3.84	4.67	5.68	5.37	7.84	7.07	4.65	2.8	4.58	3.6	5.98	3.3
LOC126861913	8.68	6.1	2.85	4.2	4.17	5.91	6.69	7.52	2.12	3.18	5.59	4.91
IL21R-AS1	3.99	4.91	7.04	4.38	2.91	6.44	3.52	5.6	4.46	2.05	4.12	6.15
LOC127272178	3.5	7.46	8.31	3.91	6.3	4.76	4.44	3.53	4.5	3.92	5.22	6.85
RNU6-745P	6.18	4.09	7.75	7.23	3.59	4.91	5.76	5.55	4.95	3.51	4.33	7.49
RPS29P6	5.79	1.92	1.36	6.08	4.52	5.45	5.81	7.04	6.96	5.19	8.01	5.46
LOC130060118	6.35	6.62	3.13	4.8	5.91	5.08	8.15	6.68	3.19	4.61	5.55	6.02
CMM	4.5	4.57	5.18	2.95	5.83	6.42	4.46	5.4	2.06	5.89	4.77	6.02
LOC127270924	7.02	7.63	6.25	5.58	7.12	4.34	4.68	4.25	6.39	6.09	4.89	7.31
LOC127827900	2.89	5.22	4.02	3.19	3.78	3.34	1.79	2.03	4.95	5.01	3.91	5.27
LOC130002199	4.91	7.62	3.45	3.47	4.43	7.66	7.36	3.24	5.64	6.32	5.48	5.94
LOC127817257	3.73	5.63	5.41	8.67	3.82	3.67	6.32	3.01	2.61	7.37	3.26	5.04
LOC130066029	6.23	4.37	3.3	2.49	4.71	5.52	6.79	6.1	3.73	6.11	5.34	6.05
LOC129661256	5.23	6.31	8.68	3.41	8.58	1.65	3.2	4.23	4.6	6.79	1.64	6.77
LOC112997563	7	4.17	1.71	3.95	4.89	3.84	7.74	5.89	8.77	7.66	4.48	4.99
LOC130062787	8.71	8.03	5.92	3.93	4.95	9.36	3.75	6.39	8.11	5.61	6.99	3.95
SCZD11	5.25	5.26	1.41	2.97	5.92	5.16	7.71	6.59	5.06	4.92	4.26	3.05
LOC127898126	4.04	1.35	4.11	4.66	2.81	6.47	4.93	8.31	6.92	5.95	6.21	2.73
LOC126805710	3.52	4.15	7.67	3.13	6.72	5.98	6.04	4.28	3.98	5.85	8.72	2.98
RNU1-36P	4.53	2.06	7.02	7.42	4.89	2.44	5.27	4.42	4.32	5.23	6.85	4.95
LOC642131	4.87	1.08	2.48	5.22	3.73	6.55	3.48	3.76	4.84	3.91	6.15	2.73
CEBPB-AS1	8.59	5.11	2.34	6.54	5.67	3.16	4.71	7.38	2.45	6.07	6.4	0.1
LOC124900541	2.97	6.17	5.1	2.47	4.67	6.28	4.05	4.24	4.99	3.51	2.54	7.96
LOC105379243	3.03	3.63	3.28	4.97	4.73	2.83	3.16	4.9	5.42	3.93	3.34	6.95
MIR4771-2	4.27	2.61	5.73	5.98	4.79	4.94	4.74	3.91	2.99	4.52	8.67	5.01
LOC107986893	6.06	3.92	3.23	5.18	7.78	5.95	3.4	4.54	2.35	3.69	4.05	5.59
LOC127406556	6.48	2.21	2.1	5.03	4	4.41	4.97	5.54	10.46	4.54	7.06	5.15
LOC129664582	3.37	6.27	4.23	3.14	6.72	4.74	5.33	3.31	4.14	9.26	5.87	5.54
MTND4P40	5.23	6.03	2.8	3.87	5.3	6.03	6.29	6.7	5.81	6.71	2.66	4.63
LOC130000306	4.92	2.13	6.96	4.27	4.5	6.3	3.47	2.89	4.07	3.63	6.32	6.26
LOC127819634	7.15	3.88	4.4	3.56	3.84	7.73	6.21	6.53	7.79	9.69	4.06	6.2
LINC01649	6.96	6.88	4.93	6.37	4.34	10.08	5.01	3.77	4.32	3.9	4.2	8.63
NDST1-AS1	4.44	4.7	7.49	8.17	4.5	4.8	4.35	3.36	5.84	5.4	4	6.33
STRN	5.08	5.02	8.34	7.37	6.96	7.39	7.01	7.08	6.35	7.27	6.82	9.22
LINC00973	6.17	5.75	4.9	5.76	3.59	6.25	5.45	4.98	4.03	7.1	6.37	6.52
LOC128316586	2.02	6.13	5.6	4.79	7.96	5.13	3.58	5.39	3.86	6.88	5.93	8.09
LOC127403309	4.44	7.17	7.36	6.04	4.69	4.9	2.72	7.55	6.92	3.47	6.27	5.85
DYNLL1P6	6.03	6.39	4.69	3.58	3.82	3.21	5.61	6.39	7.38	2.58	1.63	5.19
FAM90A7	4.06	2.52	3.12	5.48	3.73	6.78	3.64	4.85	5.39	7.54	4.92	5.73
LOC124906230	4.89	4.35	6.79	5.3	5.34	6.87	8.25	3.29	2.74	4.9	3.96	7.69
LOC127886541	4.96	5.54	2.26	0.78	8.15	4.1	5.98	5.48	6.49	5.46	3.62	5.99
LOC129992865	3.7	4.8	4.56	8.41	4.6	2.84	0.07	4.33	3.66	5.82	3.51	6.5
LOC127891578	3.21	1.08	4.28	2.6	4.83	5.05	3.16	6.49	4.7	1.85	4.29	1.27
LOC130062058	4.64	3.64	4.06	0.27	5.37	7.01	2.76	2.98	7.45	4.78	3.53	4.47
LOC127821409	4.38	6.83	0.04	5	5.11	8.13	3.17	3.76	2.04	6.61	3.11	5.68
LOC129929538	6.5	5.28	3.94	5.19	3.67	4	2.03	10.14	6.34	5.96	2.3	4.45
LOC130008016	7.75	2.35	7.28	4.99	6.78	4.78	5.94	7.41	5.53	7.26	8.38	5.54
LOC127826784	4.98	5.39	4.16	5.25	2.79	8.08	5.68	3.08	5.49	4.21	5.85	6.87
LOC127814898	5.72	4.71	3.89	2.87	3.24	4.27	5.77	4.08	5.47	4.86	5.18	6.39
RNU6-628P	4.87	6.21	3.8	6.07	4.25	3.18	7.02	4.8	4.46	5.07	7.5	5.08
LOC127269105	6.08	8.79	3.43	7.49	4.5	5.63	4.94	3.65	5.27	4.54	3.16	6.42
LOC129995287	5.39	2.27	5.26	3.49	6.9	9.28	7.59	6.58	4.39	4.16	5.06	5.12
LOC130060054	5.43	4.09	6.07	5.55	3.88	3.65	2.97	5.45	5.45	3.27	6.79	7.57
LOC128772349	7	4.75	7.61	4.51	4.68	4.15	3.77	7.86	3.89	4.55	4.2	3
LOC129662645	3.22	1.15	2.18	4.89	4.4	4.81	3.6	4.81	5.57	2.61	2.68	8.85
GAS5	7.61	4.94	5.71	6.76	7.89	5.11	4.32	6.6	7.65	2.35	3.96	2.21
LOC127408721	5.63	3.93	4.72	5.5	7.61	4.3	3.37	5.62	3.3	4.03	3.67	3.84
LOC130066783	5.33	9.02	5.51	8.48	3.09	5.86	6.16	2.45	4.15	2.63	5.82	5.83
MIR3938	3.99	0.1	3.14	4.4	5.79	3.82	4.77	2.48	3.99	9.12	6.6	8.65
LOC130006674	4.71	7.68	5.08	7.67	2.67	4.76	7	5.14	7.1	5.62	5.04	4.52
CASZ1	5.67	6.81	2.92	4.18	3.51	6.22	2.25	1.81	4.4	6.63	4.33	6
LOC129994307	1.29	6.32	6.19	4.58	3.95	5.24	2.24	3.32	6.77	4.07	0.93	3.92
TBX23P	3.92	5.26	3.3	4.41	3.47	6.24	3.78	6.22	4.9	2.3	4.57	7.16
USP33	6.05	3.72	5.11	5.52	5.41	2.5	3.43	6.24	3.84	4.14	6.22	2.46
LOC127400993	4.47	6.99	1.17	5.84	4.44	3.51	2.26	4.18	6.5	7.12	3.27	5.99
LOC127267995	3.56	3.41	5.59	5.26	5.55	4.72	5.71	5.09	3.84	6.94	5.47	7.58
LOC129388760	3.86	6.25	6.99	6.08	7.21	2.17	6.21	2.89	4.14	3.5	5.4	6.83
LOC126806622	5.42	5.72	6.38	3.59	7.11	5.34	7.37	4.81	4.15	1.46	2.83	6.72
LOC113875037	2.06	6.94	6.9	4.57	1.27	6.66	5.92	6.62	6.72	4.36	7.67	5.41
LOC127821230	6.57	3.93	2.56	6.17	4.54	4.76	5.78	7.28	8.8	4.47	5.96	3.3
ZNF346	1.1	3.95	4.7	6.87	5.86	2.05	7.35	2.73	2.58	6.5	6.51	7.47
LOC100419516	4.09	5.54	4.87	5.61	7.1	4.55	4.3	4.36	3.45	3.88	4.12	3.6
LOC127459039	3.58	5.55	6.3	6.28	3.97	2.66	5.23	4.73	3.13	2.18	7.69	6.56
LOC127892756	2.75	7.47	4.7	6.51	5.23	4.52	5.52	5.28	2.7	6.22	3.96	3.67
LOC126862816	3.06	5.87	4.63	6.1	7.94	2.48	9.27	2.72	5.33	3.65	5.35	4.79
LOC124865	5.45	5.26	8.02	4.6	5.36	1.32	5.77	5.29	5.27	5.57	2.67	3.76
LOC127458532	4.78	6.52	6.96	4.7	8.38	6.53	3.59	5.93	4.33	4.66	3.58	1.89
LOC129390444	4.46	4.02	1.84	6.12	1.01	5.47	5.84	7.88	4.09	4.2	4.77	5.48
LOC129662510	0.82	6.97	4.31	4.18	8.66	2.9	2.94	2.94	6.13	5.55	6.32	6.87
YJU2	2.62	3.16	3.21	4.76	0.73	2.46	2.99	6.02	1.33	5.9	4.12	5.75
LOC127267967	4.76	5.61	10.35	4.83	7.04	2.79	7.18	4.43	7.35	3.32	3.86	5.63
LOC127819724	3.42	1.93	4.11	2.14	6.91	4.03	2.89	1.94	5.2	4.47	4.96	3.76
LOC130002071	3.57	5.44	7.07	5.6	4.32	7.16	2.18	8.54	6.54	6.95	1.79	8.03
LOC129661234	6.89	2.18	5.17	6.03	4.4	5.68	4.15	3.18	4.85	4.52	3.07	3.57
LOC130057508	5.32	4.58	5.2	4.89	5.64	3.28	3.86	3.76	5.05	2.3	2.17	7.2
LOC130058054	3.12	1.84	5.89	8.23	5.31	6.76	5.56	4.45	4.48	2.88	7.03	7.95
LOC126859730	4.16	3.85	4.74	4.68	5.43	2.5	4.57	5.54	3.99	6.35	4.77	6.78
LOC127882962	4.49	3.6	6.5	6.04	7.37	8.02	9.76	5.23	6.81	4.18	5.1	2.13
LOC126861368	3.78	6	6.01	5.96	5.41	4.55	7.4	2.27	5.15	5.34	4.79	4.92
POROK6	3.26	3.95	1.97	6.41	1.28	7.58	1.41	3.68	2.81	7.7	2.51	4.92
BFIS1	4.91	3.62	4	5.75	5.75	3.17	5.57	6.15	5.74	7.09	3.59	7.38
LOC126807028	6.33	7.2	4.06	4.66	4.42	4.95	4.26	3.37	3.39	5.22	6.31	3.83
LOC127823340	5.41	8	4.09	6.01	6.52	4.08	6.4	5.39	1.11	4.48	5.32	5.6
LOC127815996	4.64	6.97	6.92	5.46	3.43	5.61	3.17	5.19	4.78	5.56	6.54	4.96
LOC110121395	5.7	2.32	7.68	5.44	4.55	3.25	4.06	6.68	4.82	3.92	5.6	4.99
LOC130064060	6.43	7.3	3.34	6.3	2.23	2.8	5.13	6.12	5.82	5.31	4.8	5.41
CAPN6	4.75	2.79	5.97	6.39	2.33	3.29	5.74	5.64	7.47	6.87	4.19	5.22
LOC129664300	5.82	4.87	2.89	4.98	1.86	8.18	2.02	6.84	6.64	3.88	8.36	6.52
LOC121832792	2.94	6.32	4	4.3	5.04	5.43	4.29	5.59	3.62	6.72	4.43	4.08
LOC132088741	4.55	4.62	5.54	7.39	0.07	6.85	1.33	3.52	6.02	6.59	4.57	8.54
RPL7P7	4.24	4.73	4.66	5.1	7.26	3.63	5.97	4.38	5.14	6.29	5.6	7.21
LOC127822257	5.35	5.23	3.78	4.32	3.83	4.8	3.8	3.77	5.9	6.17	5.39	5.02
LOC129936457	5.64	5.77	2.74	3.3	5.03	4.83	7.48	3.64	4.3	4.17	2.42	3.23
LOC124904419	4.78	5.74	4.44	5.49	7.16	4.5	7.13	7.17	3.79	6.66	4.65	4.95
AURKB	3.62	1.89	5.09	5.7	5.54	4.75	3.59	6.81	6.85	5.92	6.04	5.07
LOC127460734	3.33	4.68	6.01	2.95	5.76	5.53	5.63	5.64	5.2	0.47	2.77	5.89
LOC127888467	5.5	5.52	3.42	2.57	3.85	3.57	7.11	5.01	6.22	5.59	7.14	4.9
LOC127271294	7.44	6.06	6.06	5.33	2.67	6.39	5.83	4.98	3.84	5.96	3.1	2.72
LOC127890864	3.58	4.43	2.91	3.53	6.15	8.23	3	4.08	0.02	5.58	1.61	7.95
THEM4P1	4.31	3.74	4.02	7.43	4.63	4.89	1.45	5.88	4.16	4.88	2.6	3.82
LOC124905666	5.6	2.54	5.81	3.01	5	5.94	5.44	2.55	5.26	6.1	7.18	3.3
LOC127274728	4	3.69	3.75	2.21	3.52	5.38	3.71	2.9	8.62	4.02	6.82	1.45
LOC127819020	5.22	4.78	3.6	4.87	4	4.93	7.47	6.2	4.94	7.36	8.73	2.4
LOC129391258	4.91	3.86	4.91	5.84	0.88	5.81	3.52	3.5	0.9	5.8	4.79	2.91
LOC127826860	3.6	6.07	5.06	5.28	2.03	4.9	6.17	6.39	4.13	4.17	4.19	4.75
LOC127403816	6.5	5.66	6.68	4.78	2.17	3.44	6.69	5.17	3.22	6.55	6.82	7.62
LOC126862684	6.52	2.1	4.58	5.68	4.68	4.84	6.43	5.41	5.91	7.39	6.76	4.68
LOC127890709	6.84	5.57	1.94	3.62	3.08	7.19	1.96	4.61	4.54	3.59	1.84	5.6
LOC130007606	7.28	5.98	3.82	5.41	5.7	6.03	2.35	4.13	6.16	3.38	4.7	4.89
LOC129660927	4.09	4.53	3.87	3.5	5.06	5.71	4.11	8.05	6.62	3.58	4.78	8.32
LOC124902800	4.16	4.95	3.32	3.55	4.1	4.8	6.88	4.3	3.33	1.57	1.9	5.28
LOC132089918	5.47	4.22	5.58	5.19	2.11	6	7.24	9.42	6.9	4.58	4.53	5.98
LOC128316837	6.13	4.47	9.5	5.74	3.79	1.35	8.34	5.45	3.7	2.04	3.36	5.26
LOC127825122	4.39	3.19	6.43	3.44	6.61	4.88	3.33	5.08	4.67	7.18	5.42	3.15
LOC124908029	4.24	5.77	4.72	2.21	5.86	2.3	3.82	6.03	4.35	5.78	6.49	5.2
LOC105376105	3.89	2.8	5.91	3.15	4.44	4.27	4.96	6.32	1.21	4.37	3.7	4.21
LOC127886812	7.67	3.94	7.6	1.4	0.96	2.48	7.24	2.13	4.36	3.2	5.43	7.44
LOC129388470	0.49	3.36	4.44	5.23	4.12	7.28	1.56	4.77	1.27	6.22	4.48	3.64
LOC129930408	4.7	3.43	6.2	6.05	0.1	3.76	2.8	5.35	2.31	5.9	4.52	5.19
LOC127825923	5.07	4.34	6.01	8.24	8.19	4.12	8.15	2.68	5.36	4.52	8.01	6.24
LOC130055369	3.09	4.13	4.78	3.39	5.06	7.22	6.41	2.98	5.6	7.82	4.18	5.58
LOC124900932	5.69	3.74	5.1	4.15	7.27	6.46	1.16	3.97	6.23	1.81	5.36	4.05
YBX2P1	1.46	4.54	6.17	4.8	4.69	4.38	6.93	5.97	3.81	4.97	4.2	4.32
LOC129992170	6.72	2.15	4.95	5.43	8.74	1.36	5.69	4.14	5.9	5.37	5.64	7.1
LOC127892408	2.01	5.2	4.39	3.56	3.38	6.51	3.74	3.36	7.07	6.09	9.35	4.16
LOC110120796	1.04	6.14	3.93	6.67	6.51	4.33	4.99	2.31	4.17	3.12	3.44	5.84
LOC130061137	3.63	2.69	5.52	4.32	4.98	3.73	6.14	1.81	6.02	6.68	3.16	6.77
LOC127815231	5.29	2.46	4.9	6.77	6.31	4.03	5.63	6.29	2	4.2	4.37	5.63
FOXO3	3.83	9.02	4.33	2.07	2.61	2.98	6.43	6.43	4.31	6.39	3.47	2.07
LOC127820857	3.99	5.43	5.32	4.71	9.03	2.45	7.77	2.68	4.98	4.13	4.57	6.48
CDR2L	5.6	5.1	3.61	5.62	5.54	3.18	5.7	3.12	5.92	3.02	2.34	7.92
LOC132089856	3.09	4.64	3.56	4.11	4.11	6.95	2.33	5.13	3.32	2.72	5.13	5.66
LOC127823145	4.85	5.89	7.47	4.14	2.86	3.12	5.11	8.66	4.54	7.1	1.49	5.45
SLC17A3	5.9	5.07	3.41	3.85	2.25	4.42	0.72	8.17	5.21	5.06	3.52	5.98
LOC130056211	7.94	4.02	5.57	5.19	1.73	5.94	4.56	4.36	6.63	2.71	4.57	2.83
LOC105376136	5.86	4.22	3.26	7.27	1.91	5.8	3.56	3.67	6.43	4.77	2.92	4.68
DSG4	8.09	4.38	4.58	3.16	5.07	1.49	3.33	8.33	4.7	3.6	5.53	4.14
LOC127816006	5.82	4.42	5.7	4.82	7.02	7.63	3.89	7.68	5.53	2.57	3.08	8.35
MAGI1	4.99	3.65	3.18	4.13	5.64	5.32	11.93	2.03	5.52	5.53	4.83	7.53
LOC130006154	0.94	6.93	6.07	7.54	1.52	6.8	3.2	2.89	3.59	3.9	5.49	6.54
LOC127271577	2.8	5.17	5.39	8.47	5.15	3.31	3.36	6.31	9.29	3.46	3.48	4.12
LOC127460103	4.43	3.61	4.43	5.9	7.7	4.19	4.31	4.71	5.38	7.15	3.54	5.99
MDM4	6.28	6.06	5.44	5.12	6.83	4.52	4.31	0.37	5.87	5.33	6.8	2.09
LOC124902633	4.42	5.63	5.14	7.46	8.32	6.17	11.12	5.22	2.6	5.73	4.04	6.74
LOC127273100	5.98	4.75	3.49	4.17	5.76	2.8	4.95	7.88	4.57	7.83	6.89	6.03
LOC129389997	3.09	5.72	2.49	4.9	0.1	4.14	4.73	5.04	4.68	5.38	3.24	5.9
LOC111464986	4.51	3.37	5.19	6.89	6.16	6.13	4.16	6.61	6.45	2.3	2.5	4.72
LOC130006696	5.39	4.64	3.19	5.19	5.38	6.97	7.03	3.46	5.88	5.8	6.11	6.75
LOC127401975	4.35	3.2	4.94	4.14	1.91	3.37	4.62	4.82	4.63	7.73	5.1	8.02
LOC127267621	5.2	2.87	2.03	5.33	4.76	7.54	5.85	6.71	5.87	4.07	5.14	2.03
LOC130007083	3.79	4.4	3.33	4.19	3.79	4.76	5.2	4.74	5.68	9.58	2.65	5.46
LOC123956285	5.67	5.3	5.49	8.37	4.2	4.65	2.19	4.88	6.88	5.44	7.5	6.04
LOC127828874	4.85	3.36	6.88	4.31	5.85	6.21	3.54	5.33	7.04	5.45	5.04	3.03
RNU6-1176P	4.92	4.68	5.3	6.69	3.93	6.58	5	3.18	5.91	5.76	5.06	6.81
LOC129929571	1.49	1.71	3.21	5	3.83	3.63	7.17	3.52	2.93	6.95	3.52	7.89
LOC124900291	3.79	4.2	4.25	7.39	2.38	6.56	5.56	4.21	4.44	3.19	0.5	7.7
MLECP1	2.32	7.11	6.97	6.68	5.31	3.29	5.24	3.24	4.34	7.56	3.59	5.7
PRAC2	2.11	2.93	5.93	3.83	5.99	6.51	3.55	7.06	7.76	7.78	4.04	8.09
LOC125146434	4.11	2.85	6.42	5.51	6.03	4.05	6.67	3.42	4.62	7.61	5.63	5.73
LOC127268489	4.71	4.6	6.79	4.74	7.14	3.58	6.7	4.79	3.83	5.67	4	4.53
ADGRF1	5.51	5.96	5.68	5.91	0.74	6.91	4.42	7.44	8.56	0.44	7.14	4.59
LOC127886432	6.96	7.22	7	4.92	5.06	5.85	6.39	4.22	7.82	5	4.88	6.34
LOC129993923	5.8	9.78	3.25	5.85	2.6	2.81	4.57	3.69	4.8	6.1	5.71	6.91
LOC127892394	6.82	6.44	5.54	4.79	6.1	6.57	5.38	5.39	5.92	6.44	5.93	3.1
LOC127830748	4.05	6.21	4.39	6.72	5.14	4.52	6.49	5.05	2.95	5.49	5.49	5.78
LOC127404416	4.45	8.65	5.36	5.56	3.08	6.02	6.01	5.36	6.05	7.55	5.4	4.14
SNX8	6.95	4.46	7.39	2.63	4.32	5.82	3.65	3.31	3.99	6.51	6.92	5.53
LOC124908817	5	4.62	5.91	4.96	7.53	3.25	5.68	3.77	4.74	5	5.53	3.34
LOC127407159	1.98	5.46	3.87	4.39	4.03	4.79	4.05	6.08	3.49	3.9	4.15	3.62
LOC127882620	3.48	2.44	4.37	7.01	1.9	4.96	4.66	0.25	1.17	3.4	9.12	5.09
LOC129938246	6.81	1.7	3.29	2.93	6.96	4.22	3.38	7.19	2.48	7.53	6.85	2.35
LOC127267143	3.9	8.25	4.84	1.32	7.11	1.41	4.96	5.5	6.52	5.51	4.61	3.85
LOC112543425	5.6	3.97	4.1	5.84	3.91	4.09	6.57	2.28	2.57	7.44	5.75	0.1
LOC101929805	5.03	4.18	6.42	6.7	7.98	5.88	4.44	1.58	3.92	1.51	7.28	4.82
LOC129390381	4.11	3.21	4.11	5.82	4.7	6.74	6.3	3.32	3.28	3.8	4.54	8.34
LOC127272893	4.37	5.26	6.28	7.44	2.71	7.06	4.81	6.94	4.74	1.29	7.01	3.17
LOC130007689	5.71	6.06	6.3	6.62	4.45	6.28	6.01	5.67	6.07	6.02	6.29	5.25
IMPDH1P10	5.38	4.59	4.22	3.33	5.46	4.64	2.2	4.53	4.39	6.44	3.63	3.55
LOC100421474	7.22	5.03	7.57	6.67	6.01	4.38	6.28	5.41	3.27	3.54	1.96	5.86
LOC105375218	4.64	6.71	5.05	3.94	5.69	3.95	3.83	7.26	6.07	6.74	6.93	5.79
KCNIP4	3.34	4.98	3.82	6.99	7.23	6.69	4.21	4.8	5.21	7.13	9.89	5.7
LOC127894301	5.3	3.99	5.13	6.79	5.42	3.91	5.47	4.64	7.58	7.17	7.71	5.39
LOC129660459	6.27	4.89	3.22	4.91	5.93	5.37	5.88	4.38	4.84	3.52	5.28	6.69
LOC130056228	9.11	3.48	6.17	6.92	6.85	6.67	4.11	4.63	6.81	4.49	5.74	2.18
RNY5	4.17	5.18	3.39	4.52	4.7	5.65	3.14	1.45	4.31	7.22	10.12	4.53
LOC132089273	4.41	3.38	7.33	6.82	3.58	5.34	3.75	4.72	6.68	5.07	8.28	4.83
LOC128772422	6.59	7.51	1.27	0.85	4.49	4.24	2.72	9.14	5.19	7.97	5.83	2.37
LOC401478	7.31	0.52	3	3.11	2.6	2.9	7.02	4.76	4.04	7.21	5.34	5.44
LOC127401883	3.81	5.72	4.39	5.27	5.09	4.5	5.69	6.18	5.13	6.93	6.97	5.84
LOC130063224	6.2	4.12	3.74	4.08	5.91	3.46	4.98	4.34	5.43	3.13	7.29	4.47
LOC105378676	3.98	8.58	7.42	0.2	3.12	5.25	3.14	7.69	8.04	6.44	5.18	4.24
PPP3CB	3.27	4.58	4.89	3.5	3.43	5.06	6.55	6.26	6.84	5.17	2.8	8.08
PARGP1	6.12	5.87	5.64	7.91	3	4.39	5.34	4.86	4.24	7.5	4.52	6.84
LINC02793	5.19	5.7	6.27	2.82	4.93	6.04	1.89	4.37	4.93	3.32	0.1	1.93
LOC114022704	5.7	5.45	5.28	5.3	7.55	7.62	4.3	4.18	6.38	5.12	4.21	4.44
LOC127268767	3.96	5.93	6.73	4.11	3.86	5.1	4.43	3.55	2.3	5.67	3.89	4.52
LOC130007751	8.23	8.6	5.79	5.03	3.87	5.97	4.42	5.98	5.39	5.88	5.03	5.4
LOC127408899	6.2	6.67	6.26	4.68	4.95	3.15	5.05	5.43	5.44	4.38	1.57	4.98
LOC129937420	4.33	5.35	2.33	4.76	3.24	4.82	5.71	6.96	7.12	8.53	1.98	5.58
TRC-GCA18-1	6.26	8.22	2.97	4.78	6.83	5.06	7.15	3.97	6.14	5.85	6.7	4.93
MGC16275	2.81	6.05	0.99	1.08	4.46	5.83	4.8	2.27	6.39	2.97	4.32	6.63
LOC129994767	4.75	6.17	4.54	5	7.04	5.69	3.87	1.47	5.73	0.64	6.06	7
LOC127885366	7.53	7.24	7.58	5.23	6.15	5.31	2.86	0.65	6.59	5.18	6.47	1
LOC127889624	4.66	5.29	3.24	5.74	6.43	5.7	5.6	6.36	9.53	6.43	8.5	7.87
LOC126653341	6.64	6.31	5.57	7.46	2.34	3.4	4.23	4.98	5.23	6.25	3.88	3.59
LOC127824019	4.6	4.51	5.79	5.07	1.97	5.34	6.1	6.25	6.7	5.05	5.23	1
LOC127889759	0.86	5.22	5.43	5.49	5.11	2.07	3.43	6.6	7.08	4.32	10.26	7.33
LOC127407173	3.42	5.07	4.49	2.43	4.36	6.64	4.47	3.89	2.74	4.42	5.83	4.8
LOC116158540	5.4	3.85	3.89	5.18	4.39	6.23	2.74	7.94	4.86	6.44	7.91	7.51
LOC127458605	7.6	8.66	3.85	2.2	4.82	4.91	6	8.72	4.32	4.39	6.9	4.36
LOC121079939	3.93	3.99	5.03	8.6	7.88	8.04	4.63	5.28	3.54	7.85	3.56	6.82
LOC127272029	5.5	4.36	7.34	4.36	4.17	4.01	10.03	4.57	3.58	4.05	5.99	1.84
LOC127815013	3.26	7.38	3.57	5.63	3.89	7.29	4.21	6.09	3.87	8.5	2.25	6
LOC100134423	3.17	4.96	4.78	5.79	7.93	6.26	3.54	6.62	3.85	5.66	8.1	2.86
LOC127816156	3.6	7.1	5.18	2.65	5.4	8.94	8.53	7.4	6.66	5.13	5.42	6.72
LOC124901972	7.46	3.91	6.42	5.84	5.44	7.28	8.47	6.31	6.22	2.48	3.88	4.69
LOC127895712	6.69	4.98	4.58	3.07	2.67	6.37	7.76	4.78	4.86	7.01	4.18	6.04
LOC129992691	6.07	4.55	6.15	5.83	6.35	6.05	5.58	5.64	5.02	4.79	8.36	5.16
LOC129932833	7.01	3.26	2.31	3.89	7.1	5.96	6.32	4.28	8.36	3.71	5.59	2.74
LOC127826343	4.24	4.45	6.29	3.78	6.29	6.55	6.67	3.34	2.6	3.01	8.85	5.34
SIGLEC10-AS2	6.37	3.82	5.17	5.75	2.93	6.37	7.03	2.34	5.33	4.99	3.6	5.33
LOC129996704	5.38	6.54	3.03	5.66	7.61	7.16	3.8	2.44	6.17	4.17	6.84	3.13
LOC110121032	3.11	4.48	0.81	4.55	4.46	4.75	3.58	4.29	5.47	6.76	3.05	4.27
STQTL5	3.5	4.85	4.34	3.67	8.31	8.19	6.96	5.97	4.2	5.69	4.47	5.14
LOC127820660	5.09	3.51	6.2	5.35	5.84	4.95	2.89	6.78	5.82	3.16	7.45	10.04
LOC127406308	5.37	5.39	5.57	4.91	5.75	2.65	5.7	5.23	4.66	4.15	6.23	4.71
LOC105372718	4.42	2.1	4.34	6.73	8.61	7.3	3.68	4.57	3.9	4.93	5.73	2.02
GLYR1	3.21	0.1	5.09	3.86	7.18	2.44	8.69	1.77	4.98	5.5	7.54	5.12
LOC127892910	1.24	8.38	5.28	4.78	5.83	5.07	6.75	4.56	5.33	3.83	8.03	4.58
LOC108348026	5.77	6.36	3.65	9.09	3.59	3.47	5.95	3.43	5.05	7.27	5.59	4.13
LOC127892739	4.47	6.14	5.1	2.69	6.62	7.35	5.35	2.62	7.13	4.11	5.15	6.29
HMGB1P23	5.99	0.97	5.2	5.57	6.38	6.2	3.54	3.03	6.67	4.76	4.55	5.63
LOC127273864	2.22	6.22	3.7	5.74	4.08	3.77	4.14	4.25	6.51	5.58	5.18	5.42
LOC127822654	2.74	5.94	5.36	4.19	4.61	6.92	5.18	4.35	3.81	5.35	4.32	6.34
LOC129663272	4.8	4.86	5.56	3.72	4.5	5.39	5.4	7.08	6.61	3.61	2.49	4.06
LOC129993747	2.46	6.49	5.95	2.38	2.04	6.26	5.59	8.98	5.1	5.1	4.39	5.43
LOC101928012	1.43	7.02	6.28	2.45	6.22	6.64	0.32	5.87	6.52	6.84	3.77	8.15
LOC126861330	6.41	4.78	5.74	4.52	2.32	4.09	5.64	4.8	5.64	2.52	4.92	5.84
SERBP1P2	6.62	8.5	5.54	7.26	5.62	5.48	6.05	8.18	4.2	3.69	3.76	1.34
GNPAT	3.15	6.78	4.83	5.1	2.22	0.45	6.98	6.04	5.35	7.47	3.16	6.38
LOC127892209	4.51	7.2	5.81	7.78	6.72	4.37	7.82	5.44	4.01	8.2	4.25	1.53
LOC129389285	2.96	4.43	2.72	3.92	6.48	6.52	6.58	7.19	4.42	5.84	5.7	1.65
LOC130002772	5.57	4.76	6.18	6.04	8.37	6.83	6.83	2.15	8.06	0.3	4.26	4.13
MTND1P8	4.95	3.34	4.04	5.22	2.87	6.07	4.24	5.72	7.54	6.07	2.44	7.08
GTPBP8	3.43	5.73	9.21	5.65	6.72	5.44	4.02	5	4.25	4.87	6.33	4.71
LOC285453	3.61	5.48	3.93	5.37	4.61	6.35	3.44	6.66	4.12	6.46	3.25	5.18
NEGR1	3.09	5.16	0.1	6.4	5.39	3.33	7.94	3.52	7.18	4.57	0.91	3.86
LOC132090740	5.79	3.77	7.47	4.99	4.25	3.79	1.32	3.99	4.98	2.88	4.76	3.62
LOC129663820	6.03	4.58	3.92	6.74	5.75	3.36	5.46	6.89	5.6	4.16	4.57	7.38
LOC127270861	5.68	8.57	6.07	5.88	3	5.63	5.07	5.63	4.89	4.61	4.99	3.82
LOC126805653	3.48	3.33	5.41	4.98	3.38	5.11	5.8	3.6	7.12	3.61	0.1	4.6
LOC127815566	1.78	4.27	6.97	4.8	6.48	5.71	6.51	3.48	5.52	6.53	3.58	2.73
RN7SL845P	5.96	2.47	3.37	2.7	0.1	5.7	2.55	3.62	4.57	4.96	0.1	5.15
LOC129998780	4.68	2.77	2.86	3.83	4.51	7.09	6.44	5.58	6.56	5.15	3.28	4.73
LOC127269214	4.93	4.48	6.92	4.53	4.2	8.14	5.72	6.37	6.7	3.68	5.85	6.84
LOC127267101	6.86	4.3	3.27	6.68	6.34	2.64	4.88	2.69	5.9	6.18	7.1	2.7
LOC130005315	3.39	3.89	2.24	6.42	5.78	5.78	4.19	6.12	7.73	4.8	5.46	3.61
LOC130005785	7.06	3.61	6.4	3.55	2.56	3.91	5.7	5.72	4.27	6.79	3.56	6.8
LOC127273194	4.26	4.65	4.88	4.14	7.67	7.54	3.64	5.41	4.65	4.26	5.63	3.21
REV1	3.72	7.04	9.1	8.13	6.9	6.26	5.72	5.36	4.21	4.32	5.35	5.7
LOC130000223	4.63	4.36	5.62	2.46	7.59	7.14	5.02	3.86	6.64	4.77	5.53	6.87
LOC129997013	5.7	2.69	4.36	5.32	3.25	2.77	2.02	1.28	4.94	2.96	2.61	6.43
RNU1-124P	4.63	3.08	3.87	5.5	8.43	5.15	8.12	3.81	4.57	7.55	3.55	1.12
LOC130068329	3.38	1.39	8.03	4.1	7.17	7.9	8.76	2.4	0.1	8.06	4.56	7.46
LOC128772250	4.49	1.92	2.81	2.53	7.08	3.44	6.92	5.12	5.24	4	5.75	2.52
LOC127821723	0.42	3.65	6.11	4.29	2.82	3.21	4.26	1.85	4.72	5.64	6.58	6.95
LOC123477810	4.08	3.24	6.01	9.84	4.88	4.74	3.94	5.42	9.97	5.4	0.8	6.78
LOC129390695	5.82	2.93	3.97	4.8	5.34	3.8	6.96	9.21	2.97	4.73	5.69	2.06
LOC126806547	4.7	8.58	7.76	4.6	2.54	6.5	6.69	7.12	6.48	5.61	4.23	4.4
LOC127398467	6.24	8.15	3.65	5.32	4.64	4.24	6.97	6.79	6.03	5.57	3.95	6.41
LOC100629121	5.87	9.62	4.96	2.9	6.4	4.62	4.52	4.62	4.96	4.11	4.1	2.14
LOC127266767	6.16	6.4	5.7	6.35	5.57	2.57	7.07	3.8	5.74	4.72	4.9	4.56
LOC129992653	6.18	4.71	9.18	6.29	5.43	5.64	8.21	2.43	6.58	6.02	4.72	3.03
LOC127271814	1.87	3.12	6.11	4.37	7.6	6.21	5.3	6.11	4.63	5.86	5.06	8.34
LOC130063181	5.01	3.02	8.12	5.11	3.64	2.69	5.33	6.39	3.88	3.27	7.64	6.04
LOC129999103	7.93	4.11	3.69	4.09	6.43	7.61	5.06	6.51	3.89	7.68	4.76	7.68
RPL29P27	4.14	7.3	1.86	6.24	6.92	3.33	2.88	3.83	1.06	5.2	5.33	3.77
LOC127891141	5.82	6.2	6.6	2.01	2.65	5.82	2.92	4.34	4.58	6.81	3.78	9.55
LOC124906463	5.26	6.6	2.07	4.6	1.42	5.31	3.95	2.32	4.98	3.85	6.87	3.64
LOC127821848	6	4.66	2.58	6.12	6.73	3.43	5.83	4.96	7.44	4.21	3.65	6.54
LOC130001238	4.51	2.2	6.1	8.04	4.55	4.01	5.47	3.33	5.95	5.29	4.95	4.01
GEVQ2	3.83	5.59	4.9	3.36	9.31	6.71	7.19	2.5	6.57	5.62	3.76	2.03
LOC127824176	5.13	4.61	6.52	2.99	5.57	4.88	3.4	2.91	2.95	5.9	6.58	7.55
LOC124908352	5.37	4.45	7.58	4.81	4.95	4.71	4.8	4.78	5.91	5.97	5.47	4.41
LOC130064433	4.67	8.93	6.64	4.9	1.88	6.67	4.15	5.39	3.53	3.46	9.01	3.62
RNU6-393P	5.06	6.57	5.69	6.36	3.54	5.69	5.36	6.57	5.5	6.46	3.88	4.84
CYS1	5.74	4.59	5.99	4.79	2.52	4.57	6.13	1.47	8.01	4.57	7.04	3.88
LOC127459302	3.6	1.57	5.26	3.97	10.13	5.34	8.05	7.78	2.64	5.6	3.89	5.95
LOC130067308	7.05	4.48	8.08	8.4	2.7	2.6	7.99	3.37	4.97	1.47	3.49	7.98
LOC128966605	8.96	6.78	5.09	4.41	6.12	5.47	8.34	5.6	4.86	5.14	3.77	2.76
LOC129390113	7.66	5.67	6.45	6.59	7.41	8.94	6.12	6.77	6.11	5.03	3.43	2.09
LOC127404992	4.18	5.49	3.31	6.34	4.42	4.6	8.25	3.44	8.66	4.28	4.01	5.3
LOC129932655	1.72	6.88	5.07	4.21	5.26	4	3.01	3.28	1.04	6.74	5.74	5.82
TMEM191C	5.1	4.7	1.4	7.99	3.05	7.47	5.27	5.39	7.1	4.21	3.16	4.29
LOC130057754	6.58	4.38	5.25	2.92	4.99	6.5	7.61	2.84	3.72	7.51	5.98	3.52
LOC127457078	6.4	4.54	2.32	3.31	4.35	7.55	4.47	4.27	5.16	4.3	3.55	5.67
LOC127884914	2.79	6.32	4.76	7.1	3.64	6.07	5.86	3.28	6.95	5.06	7.05	6.41
LOC126806383	3	4.52	4.57	2.2	6.07	5.74	6.37	5.49	7.75	3.95	4.45	3.76
LOC129997630	5.24	6.37	6.75	6.15	3.5	6.24	4.62	6.28	7.64	6.11	4.6	3.14
LOC129388783	6.13	2.79	3.84	5.36	2.22	3.46	7.25	6.91	8.18	6.25	8.04	6.07
LOC127892052	6.57	2.71	3.8	6.33	6.48	5.48	5.98	4.43	1.25	5.68	7.02	3.77
RN7SL123P	6.47	5.23	1.45	6.41	5.36	5.79	3.58	4.84	4.01	3.63	6.47	5.32
LOC127895551	3.26	6.37	6.12	3.8	2.08	8.36	7.12	4.86	4.43	3.27	2.67	5.72
LOC127401636	2.64	4.27	6.96	3.77	3.73	6.54	2.78	4.91	6.03	5.03	7.42	5.89
LOC122152317	1.38	3.96	4.59	6.47	6.53	7.95	6.7	4.62	3.34	3.82	6.36	4.17
SPMAP2	5.91	0.1	7.66	6.6	3.2	5.11	3.56	3.63	4.18	4.03	2.77	4.8
LOC127268629	6.49	5.67	4.26	3	6.39	3.49	6.1	5.34	4.95	6.99	2.77	3.93
LOC124906098	5.6	3.37	3.2	2.78	4.41	3.53	5.8	3.92	1.72	6.06	7.67	2.43
LOC130066953	3.09	5.72	5.41	3.07	2.45	2.68	7.12	4.94	5.69	8.35	7.48	3.98
LOC127889840	7.82	7.57	6.24	4.97	5.85	1.77	5.75	4.84	4.91	6.12	5.68	6.67
LINC02683	4.33	4.11	2.31	4.96	0.52	4.32	6.53	2.71	6.78	4.94	5.66	5.44
